POENCMINDEM,28173
POPIPDGCIPP,3203
PlayerOfferingRsp,9612
CoopDataNotify,21122
LOLLLMANEJE,3759
HomeRacingGallerySettleNotify,27699
AHEPNBFEGFA,20018
AMMGHIHGPFC,27763
NDCIIJEBECP,20675
EMBKJDLNAHB,9514
EIOPHOICLPF,8640
KNNBEPMDBKM,1361
EFELNAJEJOP,9651
ILCEGBMODEM,28631
MABLKOEOFIK,9689
DungeonDieOptionRsp,9540
OLLMBOJBMMP,21461
PPFHFBCOHCA,7619
BNHLMEHFNBH,28832
PlayerGetForceQuitBanInfoRsp,3585
OCLBAGMPODG,3182
DGNLGKDLKDP,26499
GNGOOAOEANA,21375
GICOOIJGFOG,29820
OALKPKBIGDC,5484
LGGIEJDHPBP,27547
DEFNINFBJAJ,28199
BKOGMNHGPKP,29124
FLMHHOKBLDF,4173
GetPlayerTokenReq,5254
FireworksReformDataNotify,22383
JINDOIDPEEM,22130
FurnitureMakeRsp,1873
EntityForceSyncReq,24857
DragonSpineChapterProgressChangeNotify,26873
DKFCEPHGGBL,25891
ECMFPDKHMEH,7444
SceneForceUnlockNotify,3853
CGLAAADCPCC,5821
HLGHNLMNLDA,1622
LEBJHIJKIEG,4105
ECKCNLDGJMO,22531
HBPNBJNIOLO,7614
ABGLCBPOIFE,766
AGHEAGPHEKF,24564
PNEABCMPCPE,20283
MpPlayGuestReplyInviteRsp,21549
APCPNGIGGKC,3821
BigTalentPointConvertReq,22267
DMOBEFBMHLI,773
AFLOGJPBHBO,26308
HOFHJKMLBKC,2472
DLOGJJBNAFK,305
FANJNMFKANA,1428
EHGAHNBHNNN,27972
KCHDNGOIFDL,22875
IDLKEHKJDMF,6827
GAIKPBGDKDA,28696
OGJGJNCDOIJ,25760
LEKFFFDACEF,4418
JGFEKBFCNMD,22312
DNFGAABONGF,21914
ODOCCLEDLGM,22914
RogueSwitchAvatarReq,24635
SetPlayerSignatureRsp,8459
FCGHDPOADMD,24676
MpPlayOwnerCheckRsp,6279
AJKGIDMPCPG,2757
PullRecentChatReq,5878
CPMJDILIOPK,6848
LIPOJDIGLCG,24757
QuestDestroyEntityReq,21434
DungeonChallengeBeginNotify,24396
EIOOEMCPGMB,880
ActivityInfoNotify,9807
SceneAreaUnlockNotify,29840
EnterChessDungeonRsp,21760
DONFHNICAHC,29437
CIHLFDAKCAM,20313
MpPlayPrepareNotify,29081
CEHGCEPIDNN,1610
LLGCHECCLNJ,25866
GEGJLLJFAOI,1656
TrialAvatarFirstPassDungeonNotify,25781
FLGPIMPHKMP,21962
HACNHEDGPPP,25513
CKEPNADGPCK,9784
OHOICJBBJBA,22379
SeaLampTakePhaseRewardRsp,24772
AvatarSkillDepotChangeNotify,27610
GBPFLCHFFIG,29482
UseItemRsp,20207
KFNEINMNAEJ,2478
HomeMarkPointNotify,8605
CGLALAAINKC,20463
DFCINPLBDHP,25996
PublishCustomDungeonReq,2550
PMDJFFDEOLM,23999
FKNJCEMOEHA,8913
HOODPACNKCC,23950
Unk_38_40_FCEDDGJPMLM,27459
ViewCodexReq,27200
MEJFICKOABO,25501
EnterScenePeerNotify,2827
ViewCodexRsp,4202
AEKAENJGLMB,4875
PlayerSetPauseReq,25839
FDFMCDNOPGN,26624
OBEFLFPMLPF,22806
QuestRenameAvatarReq,3171
OOIMDKNNNHF,28780
BEABDHMAAFJ,2117
HBDHNDBDOEE,8753
ScenePlayOwnerCheckRsp,644
HomeAvatarSummonEventReq,29501
KEADOAEADGB,23778
Unk_53_FGHBILHAENA,2552
DHCJDIIFEHC,7641
LKOBLPPLCHB,8316
IOHLOIHGPIH,3861
AHIAPKDDNHP,6140
NFBKFIDINGA,29562
IBJFHLNHHKE,21288
NDFABJLEBIL,24009
INFMPFNOKKI,5616
LDAEGIFCADO,29646
NCIPFCJKNBB,29727
DMBKGCBPFFK,27079
ECHJKJIOONJ,2781
MPBHHDCFOLA,23815
EntityConfigHashNotify,9006
BOBCHKMCNJO,29349
KCHLIOCAEPN,913
LevelTagDataNotify,1836
MOJFBDOIEDI,20753
BLDAFOFFJED,29754
ELHHCIGOJJC,23751
EHKLLPNCAEM,1595
OLPCMAOHBBD,24762
KPBDBKGOOFB,21520
GivingRecordNotify,28753
KEIGBCPBECJ,23781
HEOCGPGIINK,4220
SetH5ActivityRedDotTimestampReq,363
FNDJKHGHAFH,7373
HBOLIHMOMOE,4410
PBHHLCMADPL,22525
CADEEFMCIKF,20960
GDEHCPJCADM,28026
DOJFFDCECBM,9045
IFCFNGGJOBB,6916
PHIADHCKKHF,22213
AddAranaraCollectionNotify,25450
PNHNFGLNCOI,26110
MHMOEIMKJHB,23516
SumoDungeonSettleNotify,5843
PCONEBEGDGO,9181
CommonPlayerTipsNotify,8908
HMEDAAJAMJO,1117
MPOHGPPIBKD,9634
HomeGetGroupRecordRsp,26461
GCGGameBriefDataNotify,9821
KAMFLCDLHGD,28695
KGGJIJMLKFC,29321
JMBFBAIILND,23638
BounceConjuringSettleNotify,229
TakeReunionSignInRewardReq,5756
JBGAHGAMDMP,20933
GCOMMCOLJDD,22999
OMEKGFKMAIP,27928
SingleRestartBrickBreakerReq,7167
JLAEKKLLABJ,8958
EffigyChallengeResultNotify,26366
SpiceActivityProcessFoodRsp,21545
LNKLCCMNBLB,23251
GCGDSChangeDeckNameReq,732
AllSeenMonsterNotify,28990
AJLEMFFBGHO,1665
ODKLJPMHCFI,7510
IHGJNLHPHMF,136
NEGLDHBLDBF,21131
FJIBBDGJKGF,24781
IrodoriMasterGalleryCgEndNotify,8754
PPPMPCDMGCP,26206
UgcNotify,20098
KFANCEIGKPH,23657
AMJLDGBEPIG,23843
BNPCMJLBPAP,24694
LAPCCDEIJJO,25470
NMPCCMDJLII,28675
ScenePlayerLocationNotify,26055
PCJDOIGFEIK,29024
PrivateChatNotify,24960
FLHNDMOPMLD,21339
InBattleMechanicusSettleNotify,29647
PAKGJAPJJJH,24314
HCEFJANBFOJ,5485
AvatarSatiationDataNotify,247
LHBBMDIONJF,3509
ECKMPKBCOGG,8427
CDLCDOCACLK,20177
DFCPPMGIMCE,25119
DNGKNNMGKHE,20101
BOBLAIGAFAF,2656
AreaPlayInfoNotify,4398
ToTheMoonRemoveObstacleReq,6107
KPECNDACOEI,21870
WidgetGadgetAllDataNotify,22112
ONJDOLLKJKK,7382
NCFIBIHFMMJ,5459
ServerTimeNotify,9683
CDPJENAPEJN,24563
IrodoriScanEntityRsp,5275
CellInfo,28194
EKEGPBJADNN,29969
HBKHEPNPAMF,24202
DropHintNotify,24490
CoinCollectPrepareStageNotify,212
ECFJKAEFHGF,25476
IJEBPJLHCIJ,20377
WidgetCoolDownNotify,21180
SingleStartBrickBreakerReq,596
FishEscapeNotify,25302
NONJJLGHJOC,4557
BMHBDNOPMFH,7538
PIDCNBAHAGK,29214
PlayerApplyEnterMpNotify,29264
MLCHDOLNGPF,29019
WorldRoutineTypeCloseNotify,3670
GHIIJNLEDAN,404
EvtEntityStartDieEndNotify,5768
DGNBKLDANCK,9043
MNJGKCFMIAF,4879
CMEPHGAGNNA,571
OCHANEJFPDI,3210
FishBattleEndRsp,26354
DIIBKGFLLPO,8869
OFHBAJCEMAM,26779
GetExpeditionAssistInfoListRsp,5804
ADNPINMOHNJ,25730
HuntingGiveUpRsp,23512
POMLFHKHJJB,1791
EFJMAPMADOO,5721
LONAGLOPBBP,1570
CKFNFJEFBEH,9077
PPLDCEDEKKL,1875
BJMAJJODOJI,4756
OLCIPKJOOBI,29256
JLJNLNKGAAM,29843
MHLKGMEEDPG,26593
KLILAIFPDCO,1801
DFIHOCOOBAO,6779
OOPCFDFDOAE,20680
PCGMPKLEJLN,26668
DJFLCLLKEMB,28301
APMLGKJAGOG,4725
DataResVersionNotify,6655
DEGHBJFNMMN,22366
PJKHONGBICG,26044
JGDNIAMECIN,2170
GGAALMAGIIN,25858
PEHMBMIPMPJ,195
JEKMJEHFLPG,9898
IslandPartySettleNotify,21719
LOGEONEOBPI,27413
GFDGBDJDJOL,2789
OPFDNEJFGAO,5170
GDPCDPPMHNE,9554
WidgetSlotChangeNotify,1465
IELPGCODKNE,21593
LKAEOICPJCB,7721
LanternRiteStartFireworksReformRsp,24294
ChatChannelShieldNotify,26889
LPMGIKHAJAL,23893
AFNDHEDJKJC,24864
RegionSearchChangeRegionNotify,1914
FEKIMNIOBCD,22789
PFMPGCIEHNB,28584
DIGJFONJMLA,20600
DGNCGPKGDFO,29472
HomeEditCustomFurnitureRsp,8282
NCAHABACCMB,29443
NDNFPNCIPEH,6385
NKBHICIBBIK,25973
GroupLinkDeleteNotify,27040
MBDIALPCFPC,21601
LDNMBJGOOFK,6738
BDDCELAMFFF,8486
GroupLinkAllNotify,8929
DOLLEFNMGMC,24909
IEFKPBOEDGP,25480
OPMDMJBJIKF,1560
ANBIGDPCHCC,23735
PBHOEKFEGPM,7763
HGKJMDMLCFB,21243
GAIKIDPOKNF,4285
GAIEGDFEJNB,6966
HHCLOMNJMAA,6762
AHBBPNHKKJH,21206
POHNLJPPMPO,25764
SealBattleProgressNotify,23074
PIPHLLIOJCL,311
FocusAvatarReq,2276
WearEquipRsp,1189
ToTheMoonQueryPathReq,6105
GEEGLNDEDGG,25977
MBMKPCEBFJE,24890
GetUgcBriefInfoRsp,25650
HHMBBJIALFH,6468
EOEGNPLKAIM,5892
ICDNJJCFAGF,27159
GHGMMAJFMHF,2632
GOEAEDDCHJF,4864
PHFHDLFPAAL,23981
CutSceneBeginNotify,23044
OCLOJPMKAPG,29144
GFOLLDIINAD,28261
GNEAEOKNPKB,24693
HMJNKILGAPL,23013
GIFOFNAEBIB,24725
MGFAJFLFCCG,6190
GLHKIPJDDHE,9762
IKOMDBGPEIP,6157
MPGHIIDEMBE,2076
PECLBMNHGMB,29561
CDMAGAJIGPL,25998
IHBCCLGEEBN,29779
ChannellerSlabLoopDungeonChallengeInfoNotify,24431
ActivityTakeWatcherRewardReq,859
KAFMCKBOMOP,23284
RefreshEntityAuthNotify,27237
CHIMEFPHOMH,6809
EvtAvatarUpdateFocusNotify,26652
GDKEIAEKEPJ,9596
FCHLMGDKLOL,21414
ToTheMoonObstaclesModifyNotify,6182
GDMICALMPDB,6368
NJBLPDIGCGL,2839
NMPNEILAOBJ,22347
GetBattlePassProductRsp,23354
ACAOCLGJEEL,1623
HLJKGBKCGAB,3957
KADPJEFKDLJ,3046
QueryPathRsp,2380
DailyTaskFilterCityRsp,23459
ChangeAvatarReq,8092
TakeOfferingLevelRewardReq,587
GallerySumoKillMonsterNotify,956
SceneEntityMoveRsp,27735
GGPNCDHHPPE,3239
FHNFGLLLKCO,23323
EBHNCHBNDMH,7994
APJNLNAOFBA,1310
ActivityUpdateWatcherNotify,279
BKCAMEFGGGK,25426
EnterFungusFighterPlotDungeonRsp,20880
LEONGADGCNO,1603
QuestDestroyNpcRsp,210
FungusCultivateReq,8013
NHGEBHGFLMH,9355
NMFMEJLFBAA,4123
HomeEditCustomFurnitureReq,22249
UpdatePlayerShowNameCardListRsp,21456
MusicGameBookSettleRsp,21693
GDAOPNEDLEF,5955
EPGOMMHPNFE,7935
FleurFairBalloonSettleNotify,2561
ABIKBFKHMIM,4221
LLALNPMOGCO,21067
DLKEJFDMKPE,22872
MBHIMHFPOAD,1992
LDMADJEEENG,28716
OBPIPNEBOCH,9677
GEMDMHOGJHI,8651
KBGNOLMLOAJ,759
IEOIMCOAEBE,26789
SetUpAvatarTeamReq,26162
AdjustWorldLevelRsp,26250
LPKPINMOFEB,23530
KBICPJMFIDP,3857
GearActivityFinishPlayGearReq,26386
IMHPHHLCMDE,27902
AvatarSkillUpgradeRsp,5998
DLJFJKNONEA,8755
GCGInviteGuestBattleRsp,29490
MFEJHFLAGNG,24716
OPEFHPMPJDF,23852
EDDLBCDHGDA,1748
ScenePlayOutofRegionNotify,29694
HCIBAPLCFHO,9483
EOJAIFOIKCJ,7651
JHOBONLGHCJ,28467
BCGIKPMCAJA,6990
PENLGMAIEEC,7260
CBNHIDGBBFD,27315
FleurFairMusicGameStartReq,27440
DEMIGCKGCPA,4841
KJAOKEEOIDB,23506
AHHOIMJCOFI,25920
BargainStartNotify,7154
ReliquaryUpgradeRsp,7626
Unk_37_ONGIPNFJCIG,28820
NPDBDAGPFOC,1887
CKKIDDJCHKF,2094
BIGGCNFCIAG,527
FBFDAJLBNEN,24737
BHEDDAOKBEB,4970
OAFHIODLNLN,7892
NKEOGEDIEKD,6798
SetLimitOptimizationNotify,21226
PBPEEJIHEDL,20577
TakeFurnitureMakeRsp,28050
FGLCCCGGMAN,28983
PMBEPFMPNKA,20094
JKMFEPDBKFN,22708
BFNOIFFOKPH,21200
MDACIGLEJKN,494
ONFDCAGGELF,9935
ANDNIPGEEHH,1355
BCAMIMMEPNM,25079
MDKMJAPKGCB,22272
NHAFKIEFNMM,9121
GetGachaInfoRsp,23319
PostEnterSceneReq,9890
PotionResetChallengeRsp,8510
LOCIGFDINNA,29111
AGNCAEAMBAC,20481
BrickBreakerSettleNotify,25112
BMONDBKEGAN,21267
KKKOPDHICEN,3990
JECJEPIMBGB,2855
DNJFILNLKAG,6630
OFJCKIIDJNI,1009
PAPECDDKGIM,27947
MJOCEMPKPLA,25000
LEHLBOKLFCC,24533
OPMGKCOMNNH,25465
AACPDFDMELK,25778
JMKLHMNGHDA,21239
DBNMEIMBLAK,1915
FAMELONDLNC,22627
RefreshBackgroundAvatarRsp,1004
BEMHKAEBOCB,27047
MHALLLNIGAJ,2626
HJGFFMICFLB,8317
HomeUpdateArrangementInfoReq,3208
PNCJCBCOKHE,2947
IACDBPNBCLJ,2259
AntiAddictNotify,28489
SelectWorktopOptionRsp,7133
NFHKNOBPMAN,25748
AHHHPFPEMKO,21138
GetOnlinePlayerInfoRsp,29138
KDHJJCLDKEH,8449
ECIIDKMHMCB,22954
BOLCFCJKBMK,21116
EvtFaceToDirNotify,4689
SeaLampContributeItemRsp,8873
JICMLMFKDJI,2480
IKHKEDGPLKN,1644
BartenderCompleteOrderRsp,28880
Unk_46_LHMHNEDIFAC,20501
LNCCBEDOPMK,20146
AEHCDPJDELO,27848
CKGOLBDKDIH,4279
BANIBGCLBBO,8729
GOFOHJEHBBG,23747
KJLMLAGLFLP,21702
IGGGLHPCMDJ,25902
LBACHDIGCON,1281
EKFALDFELCM,6893
ReliquaryPromoteReq,25239
NCHMPICMCJF,28137
MaterialDeleteReturnNotify,27258
MiracleRingTakeRewardReq,293
PNPDFBLMFLA,4425
AvatarUpgradeReq,26430
OJHIKPKCJIN,20897
ForgeQueueDataNotify,20927
HNBBOEHIPMP,28193
WorldRoutineTypeRefreshNotify,22269
CardProductRewardNotify,23817
HOMJJLDPAOK,20162
PNHANGHENAJ,25823
JCKIDKKGIFE,28336
GetActivityInfoReq,27744
GNCJOFNEMDL,26047
AJADCBPHACL,21083
OJJBDENGLAI,29205
PFPMGKBINKE,5617
AMLIFKNPJBJ,9883
ICHBDHIIMKB,27331
NAPDFFAKBFN,8195
NDIJAKJNEGM,9878
MOKPOMBONEJ,24977
JNJGHGIDGGP,319
GBKLFGMKILL,20064
FACNGMOBLHF,26996
WorldOwnerDailyTaskNotify,24936
CHAHOEEOFLO,6139
VehicleInteractReq,25324
UpdatePlayerShowNameCardListReq,27964
GetCityReputationInfoRsp,22997
PBFBGLJHOLG,7198
EPEKLMOOGAE,3060
MPGFKPFPEDF,2793
EvtAnimatorStateChangedNotify,6787
SceneAvatarStaminaStepRsp,6230
LCFJDGLIHOC,1072
FDDEPMJPNCF,26707
GadgetPlayStartNotify,28641
ScenePlayBattleInterruptNotify,29725
ScenePlayBattleInfoListNotify,3107
ShowMessageNotify,22835
GetCustomDungeonRsp,9832
LBPJAFOCKHI,29003
EntityForceSyncRsp,29421
Unk_40_MCLPMLLIJEC,25770
AKACPLFHPLE,28184
EMNJPINMCOA,21705
MetNpcIdListNotify,1534
CPEBNINPHCO,9513
HLLCFINEMNF,22855
BFGIDJLGNFG,2644
GNLNONICNHE,5608
FABJIEOCIMA,5226
DoGachaReq,5067
LIJDDNNNIAF,8257
MHCKOHDFMDB,21295
HDDOBDMBPOO,6252
GLKLCMDFDDD,3054
GetAllMailResultNotify,24703
FLKONDFGKJO,20597
NKNINPHDLMC,21641
VintageMarketDeliverItemReq,24263
DGIBDMGDLDJ,1315
BOOMOOEHCIM,8311
PFKCBAGABPI,24782
SeaLampFlyLampRsp,22126
CMKOLLKGLMM,7075
JOOIPHCDCOF,25986
HOIABOJHPDB,825
MistTrialSettleNotify,955
HPHCAJNEAGH,20170
PMFHDKJLOMK,96
HKDDPOHLIIP,29098
JMAOGMALPGO,9672
GCGSettleOptionRsp,25026
MOADEPAOHHI,8911
AIIDLPOFHKG,20599
PlayerMatchStopNotify,4781
DBFGBJOIHEM,27071
AGGEHKGDFKB,9727
DeshretObeliskChestInfoNotify,20592
LMJAIMMOECC,6950
NOBEFLBHINJ,3547
IBFNGNNEOGH,21369
LDDMANKLPEN,23226
PKELENOHOMH,20489
AHCMGEKNFLJ,21401
HPBBGIKIMGK,9258
MIIHGMPNEBL,28854
KOJNBBJEEAJ,3986
OFCPCFEKEEK,21532
PIHMGKGOKHD,2383
CJLMPPKPOBE,28771
GIJKNIOONDD,22944
PlantFlowerSetFlowerWishReq,7786
SetPlayerBornDataReq,8205
CGBEMPKPKHA,4751
ChangeMpTeamAvatarRsp,5155
LAGGMCMHKAO,2009
MKCMOOEBHMF,5186
MOCEMMPNDNK,26519
DIMBMFLHHKB,24812
ODAGBFNPMOH,6590
ONFCFGCLCHF,28792
HHGMCIMJMPI,29018
KBOIEGDOOCC,6186
PINNGNJBDHN,6645
JBEECNCMDLN,1761
HKHANNABCPP,27288
GachaActivityTakeRewardReq,28544
GachaSimpleInfoNotify,23345
MFCBNANNHDF,20461
GHOHMDLJFPK,2476
EFPCOCPNCIH,6041
DFHCOIIELOL,7362
GetQuickswapWidgetsRsp,2179
CKMOILLAFAK,8905
OBGGMEOJDGP,22943
EvtBeingHitNotify,20537
DGMNIFFMPBH,22281
MLKCMNEPJMF,1421
BLFGNNCBNKA,22003
NEMNDPJECBK,24462
EPHFBOJHHJJ,3659
WatcherAllDataNotify,27027
LHNMECCLLLM,21399
AllMarkPointNotify,1256
GetInvestigationMonsterRsp,28167
GetShopReq,1214
EIECHFMHMPK,3778
PGBHCOPNPCK,27387
KFMHLHDHJNG,567
CutSceneFinishNotify,253
DBDLFABEMIG,22160
GravenInnocenceRaceSettleNotify,21538
KOPHIIFFNLP,29658
EGAOIMCIEOA,23203
FEGNCFNPJAP,3015
EnterCustomDungeonRsp,3322
DFBANNPBMHH,29549
MFGBGIKHBGM,469
DungeonCandidateTeamReplyInviteRsp,6435
CAMOFIHLCGN,27297
BDGBDMHELJE,8464
ChooseCurAvatarTeamReq,25704
MKFHPBGHKFN,21143
IPOEPADAHAE,22781
MENGGONKPNB,9137
TakeBackGivingItemRsp,24197
AFOIMPGJHGP,8725
HomeKickPlayerRsp,3897
HEFFGFCPCPN,24489
DBMMGNCOACF,27896
AKJGEFMHELN,7679
PathfindingEnterSceneReq,2377
GetDungeonEntryExploreConditionRsp,23145
NKGEFDJNGEO,2011
AssociateInferenceWordReq,6672
NMOOMGLDGDJ,9362
StoreItemDelNotify,1386
AAKLDIANAAE,9575
BBPFOGPOEFG,2081
NNMPDNCDOJA,7312
DJCNOCAMIBM,25819
AddQuestContentProgressReq,8467
KNIHABBJAEB,3712
MDFMLAIEDAE,7838
PlayerInvestigationNotify,29477
PlayerInjectFixNotify,9185
CodexDataUpdateNotify,27672
HIIDKEINAEI,21460
SetOpenStateRsp,9448
MFHMPAKPGMC,2030
IAJBCMJMFIG,1602
MPEGHKPPGGI,29129
CCLDMMDOKIO,21030
BOLJGELAMLB,7692
AEKEGEHCFND,1654
SealBattleEndNotify,27320
KJKPBKKHFAD,21730
SetFriendRemarkNameRsp,4062
FALKLHLFGKJ,25207
ACMFKGPCKOJ,6170
FNKPLDCJJOG,21235
TakeCoopRewardRsp,28691
BLMHMAOFGMP,20490
DFJJKACLONB,3340
AAIMNJADGIK,743
JDNECEENFNP,4937
WinterCampGetFriendWishListRsp,27510
HPAGDDJNELG,9226
NBELKJJFDMF,20065
PLOODIIONHD,7156
GIGFLJCKIHJ,24228
JADFGMHMCFM,24183
KEPBNPKAKAF,27722
DDIEEHCIEPO,22371
NIPINGFJBFF,5341
HOEEMGHPOLN,23824
ChannellerSlabLoopDungeonSelectConditionReq,9459
MFEIBBDHCCF,1713
PKJCODNPKMC,7076
GEFNHFAFCNE,24281
FishAttractNotify,28341
LMNPCJDHPMI,4233
GetBlossomBriefInfoListRsp,27301
DLKGLELEGOO,23721
BattlePassBuySuccNotify,25969
TowerLevelStarCondNotify,4674
NLGOKEBELFC,27464
MLCGJGIFCBB,7164
ILPPIDEPACC,29027
GadgetCustomTreeInfoNotify,6788
MonsterForceAlertNotify,29670
ReformFireworksReq,6341
EFJAEKCBJBA,22818
GravenInnocencePhotoFinishReq,28008
AvatarPropChangeReasonNotify,24773
KAOGGJBECAF,29700
LBAOOACEJEP,24311
EIGGHMHJDMH,1582
HCADAIMJBBP,7369
PKMJKGNCMOJ,4147
GetQuickswapWidgetsReq,3762
HomePlantInfoNotify,5979
ECJLGLKBCPF,623
FDCJPNJPKEK,26725
LLHKFIHAJKE,7585
RemotePlayerWidgetNotify,8533
ECDICLDEOLG,2739
CMJNLNEMFEF,25220
PDFGLHNNKNG,5372
KKDFKNAHIJO,29219
SetUpAvatarTeamRsp,7846
CPGBCCIPGKL,22132
PlayerStartMatchRsp,23111
FBMFCIIPCJI,8143
AddNoGachaAvatarCardNotify,4178
APOBGDEHKOD,29247
JDJFNBJEONI,8801
MGLBDKGNCII,1668
KCMIMAOBOJF,9050
IPKNDIFLNHJ,29312
EGMDCEBDPCB,3092
KBHAGJMEHFF,23798
HKICKCFIFGO,7894
DJMOOGJKFGF,22854
GHGMFDFMNBN,3396
EIBLMPLMHEM,21350
BLEJNKABKCF,20413
SummerTimeV2BoatSettleNotify,28180
KEDKEALIJDC,9323
AJLGGAGFKAN,23823
IPMBFGOJDDK,2992
AddQuestContentProgressRsp,4639
CrystalLinkEnterDungeonReq,3103
OKPFHAOECOB,27626
NLHEIGEOMND,20269
GadgetPlayDataNotify,23351
JAOPCEIJCIJ,26994
KHGCBMEIPNH,21921
DNJNGLHKMEN,3814
GMDNMBGBOHI,7203
GCGLevelChallengeNotify,21777
UpdateSalvageBundleMarkReq,28309
MLFKJMINHDA,4480
MOAMMHAJEJC,22006
ILMANHEEGCK,2795
GMNIAADLHBP,21628
PDKKLAFNKDG,1267
SetPlayerBirthdayRsp,1409
PlayerEnterSceneInfoNotify,23921
DLOKJNBIPII,3833
IFPIMCIECKA,23663
AIBIEMFNCBJ,5853
JOJDGKBNANC,9889
FinishedParentQuestUpdateNotify,7709
FMADMFCJDHB,3035
NHLNMGPKBDJ,28958
NNJMOADAKJP,23118
BargainOfferPriceRsp,21108
DIHOLHOLHJF,2335
FDNGMMKKHGN,3879
AHEKBOKCAOJ,6454
BrickBreakerSelectSkillReq,27970
FIHCFKKMLLI,1600
GetReunionPrivilegeInfoRsp,5233
NDHDEINGHOE,25231
EAHCGGFALBG,6770
JEENBCGAHIH,29816
CCBPDKHCFDD,20210
HomeCreateBlueprintReq,256
JEADFHBIPCN,23339
EIADLFKIADI,26914
AllWidgetDataNotify,23365
VintageMarketFinishStorePlayReq,5093
Unk_37_HONBFPLCPGO,27709
HJPFPHKHFFB,1788
IHIDOFAGPPC,7923
ELMPHEPAPFD,656
BAEOBNHIKHM,3026
KLJPDMMBDNJ,6497
LCEOJOAABDK,22491
ABEMCDELKOH,21544
HAJIOEPOAHK,5891
SceneInitFinishReq,23347
IEGCKIOOFJF,7063
LDLLNPBJALJ,22180
NBDMLBLDJOF,4200
PlayerNicknameNotify,23810
ANACHJEBCDJ,3359
BKAGLNIGFHM,21078
AvatarSkillInfoNotify,563
GIIJKJPLJAG,27252
KDFEHCFMHCK,3918
UpdateSalvageBundleMarkRsp,5680
GCGHJIKDCOD,6532
ClientAbilityInitFinishNotify,28628
PEBJLKPIGKE,5740
DBLINECINFH,25925
HomeScenePointFishFarmingInfoNotify,6949
LAEDEJAPHGH,25964
GJBGDKBMLPH,434
DHHJPDLENIA,27660
IECBJFFNFML,8975
KGDDDHLIMBI,8487
NAMMAIOGPLO,21753
GDOFDLLBMFI,27502
BartenderGetFormulaRsp,26276
TakeReunionFirstGiftRewardRsp,27397
OHADKHIIBDI,8266
KHLCJHNBOBB,1246
MPAAHOACKFN,28265
CEOKEDLJAAE,9478
PlantFlowerGetCanGiveFriendFlowerRsp,29556
LKEEHLAOAFL,8896
IFAINAGMDEH,3219
JDKAEAHPIBI,23714
KDKFENJKDEH,1892
FLGLAADILEG,23904
PFFKHDEKPNN,8214
MHNGLCIPIEM,2206
IBKLMEDEIPJ,22093
OGECCEMKFAF,20628
DKFLHNFMFHB,21599
GIFIDOBFNJN,22928
ScenePlayOwnerInviteNotify,1184
ClientTransmitRsp,27917
DIHHCEAMEDH,24080
NANEJHAMGJF,20504
ChannellerSlabLoopDungeonTakeFirstPassRewardRsp,27147
PCPCBMPMHAG,124
HKDJIJAECFA,5072
AAGDLIHHMEP,7171
KJDKLICCAKK,20365
NPIGAGPPGDG,23884
PIBEKDCKDGA,23261
PostEnterSceneRsp,29822
HCNNJFMMIGC,5082
JPCICGJPFGH,21011
EPHLFNNIOON,20652
NIPJLPGLMOK,9384
FNCJAAHMDOD,55
OAPCIJBFCLA,8950
ACFGIFAICFB,2471
SceneCreateEntityRsp,22832
FishingGallerySettleNotify,4675
AKFIIBMLCMA,20691
JKLMFHJONOA,6250
HBCICPAFLDF,5246
HGEMAGMEGFH,24912
PlayerApplyEnterMpResultNotify,3311
OEHFGKFAMIM,26940
PDPBAACFHFF,29473
CPDJCNENEMP,23755
DOIAGIHPLJC,9941
KKFBCHFNDHN,3896
HomeDeleteBlueprintRsp,8407
BIIPIHFGEMD,27156
ICAENAFIKMO,6243
PAMGPMJJNDB,9174
NEHFJMKBKMP,28069
UseMiracleRingRsp,2171
FurnitureMakeCancelReq,1709
FIFMABBCKLP,6119
EPJLMDOCEHI,1883
EGEAFNJAEDM,22212
NMKLMJFFGDB,3519
ABAOMMNCGMM,23780
POEFDFPLEAG,1841
GHNPLMEKJLC,26384
BAIMICEINMB,8187
WorldChestOpenNotify,9080
WinterCampRecvItemNotify,29788
PIPDPLBEIME,2474
AnchorPointDataNotify,22527
IKCAPDILCPB,6248
IrodoriChessPlayerInfoNotify,22090
INLGMEIPGPB,2665
ServerGlobalValueChangeNotify,4717
ReunionBriefInfoRsp,2809
FKODLHNHJNI,24292
DungeonEntryInfoRsp,27887
IPBGHLLHOMJ,22920
ScenePlayBattleUidOpNotify,3049
ACEJBJGDFPM,27846
ReunionActivateNotify,21076
HGCINIHCOBK,29346
Unk_38_40_HDEKEDJCDBN,6890
PIAHPMFKFDP,22342
PlayerCancelMatchRsp,20931
AHOHDGMOAHM,213
HOEEGDCKCND,24211
ActivityTakeWatcherRewardRsp,1796
BargainOfferPriceReq,9296
AICPJAAGDCB,3988
GGNOGIKGHCI,28311
ILHMDBKEFON,9009
GOGJJBNFHHB,20169
HostPlayerNotify,21291
BBGJOGIGDLM,28551
DPKMFAHBJGG,21380
FIHOBDIIMAK,4998
AvatarChangeCostumeReq,7656
GHACAMMCDFE,1156
BHJNAJFGAML,9627
SalesmanTakeRewardRsp,6277
DungeonEntryInfoReq,7887
NMCNEMCGNHJ,21614
GetOnlinePlayerInfoReq,6791
SpiceActivityFinishMakeSpiceReq,812
HFAKIJLNDHO,8697
EvtAvatarStandUpNotify,5453
LanV3BoatSettleNotify,24975
HCEGEFJDMCL,20249
SkipPlayerGameTimeRsp,4904
EnterRoguelikeDungeonNotify,7435
QueryCodexMonsterBeKilledNumRsp,7929
PlayerQuitFromMpNotify,9480
LLPMFIGIKBH,20498
BOLOACFLOFN,4722
KMFJCIGKFEF,24170
LEBEDBMJAFG,4987
JBPCHDEDFIO,21590
DLDEGEAEFAI,7653
LCGIAEADMJD,6639
AvatarLifeStateChangeNotify,2063
UpdatePS4FriendListRsp,25840
MCECMIGDLHC,22378
RogueDiaryTiredAvatarNotify,26569
GLMFNABNKPG,21825
MusicGameBookStartRsp,23831
AONPCMCGGCN,28053
LKINMINDIEO,8983
FFBFADIEIJF,22252
HBDBKCNFCFE,165
NKGNKPIJEOH,27030
JKOKAEMJFMO,23959
DoSetPlayerBornDataNotify,1643
PlayerMatchAgreedResultNotify,20973
PLKLFIPGBPC,8273
FAGLNEPIAOC,7968
PEHMPCFNHLC,1592
PANOBINCGLO,25489
Unk_38_40_IBGIKAOLJAJ,21942
OECAKLBHPKO,21052
NPOAFENILCH,28693
JEJMJDELFAF,28310
HomeDeleteBlueprintReq,26879
DCPJNKAMIPI,9380
LJCMCMGJOMJ,2037
ChatChannelUpdateNotify,6640
EEFACICKBKO,23819
DDIKABPEDIK,28368
LKNHCKJGIFM,4363
BAMNCNHPHKC,1175
JBOMCEBKHKE,7272
NFGKJDMOIDF,6481
EAIAEKCMHFL,9743
PNBBGKJENNO,528
EEIEPDCBHLC,22953
COHCIALIOLE,1736
AEJNCKNMPFO,1143
LAMNMEMBLBB,21312
CHEGFKPHEMJ,4464
NFAACCLPOAN,3577
DINODBAFBDJ,29728
INPDJNGMNLJ,2027
MEAADADPMEE,27003
EHNEMBCHODA,8807
HKNGCJMIIIK,4788
OPCEDPOFPFC,29383
GKIPPPBCLHF,29688
PlayerFishingDataNotify,22047
JOCEKDKHLPJ,23223
OMOIDBKDMKP,25461
HPKJEHEPAKM,525
KKDLOBKMODN,4319
OJOGCGDHBIB,26371
MBFLODPIKPB,7524
KHBMEEPAMEB,25238
IBCEGGDCKDN,1083
JKMKFEBBGFG,8403
HICBKGDFCNG,211
GadgetStateNotify,9813
PlayerApplyEnterHomeResultNotify,1949
AvatarExpeditionAllDataRsp,6979
LMBKGACILAN,5326
LBDDEPHIJND,28016
SetWidgetSlotRsp,28587
IrodoriMasterGallerySettleNotify,54
DealAddFriendReq,1047
DNHGLICADDB,28843
DCKIEPCPPIE,29558
AvatarTeamUpdateNotify,28453
ACOHDAJAAJN,24137
IEFPDLBNJIB,4165
PAFIBLBNBEP,2549
HBODLKDFOOE,21438
AvatarEquipAffixStartNotify,20058
TowerEnterLevelRsp,21969
IGOIJDDKPBB,25141
FDKOLKKPEJH,7831
IANIMHMMFKE,1835
NPKEPBPOKKF,5384
NEPJKLOIMBN,20400
ODOEIJPPOOO,4779
PGCOKCOGKKI,20662
PAPOCMCDIJE,23841
EOGBGHPADJK,24543
OOOCFCOJMJB,8061
DBIABHPEMNB,27254
GIIMIHIHILB,22623
AFHKCHBFCGE,23604
GadgetChangeLevelTagReq,5184
KACIHKNDHNN,8868
MMPEGOKBFNC,1716
JMFGPFDEFJG,3928
PNCFOAHLKOB,22530
LJEGPDHOOKN,9102
FPGEEBLGLBF,6338
IGCNHDONMJH,909
HomeLimitedShopBuyGoodsRsp,5271
FOGDMONBKLD,6400
ScenePlayOwnerStartInviteRsp,20281
GetSceneAreaReq,8097
GCGTCTavernChallengeUpdateNotify,4921
GetReunionMissionInfoRsp,4098
FinishedTalkIdListNotify,26375
MMNLLKNNCDP,1029
MFFNBOPJNFC,20574
HHFHIFLOIAG,27458
MHCBBJCEMCB,21577
GetInvestigationMonsterReq,3782
AEKEKBOBCDI,20749
IDMCINNAGLJ,8267
FHOKCHKIJID,28270
EFGHDKKBFIC,4088
OBAPNEKFDID,21863
StartEffigyChallengeReq,1651
MpPlayOwnerStartInviteRsp,1689
GetBargainDataRsp,22993
OPDMEIJACHJ,27263
PBAPFKBBABL,26485
TakeReunionWatcherRewardRsp,27826
PLFENEMHFPD,4077
MCMHKMGGIDG,5534
FBHNLAKGHOF,26210
OBMGNFLMDNP,9525
IGLJBLHBINE,5058
POODIBCJEJN,22938
GOKBKNLDECP,7837
DHGAHMHAGFO,26535
PGGIMIODEDG,27553
EPEHHNCJOLC,20748
AHDBKHJGEBI,25430
HDBILFHJGJD,968
SelectAsterMidDifficultyRsp,4043
IENBCBDACCM,21123
AOLBCHJFJEB,4482
JJDGJIEOPDK,29343
LIFDHBBKMLF,28573
IOBNOPKILCP,726
NEBJNBGPBDD,26300
PCFACOMIANM,28751
WorldOwnerBlossomBriefInfoNotify,27295
KMPLCODOMOA,8715
HKNLCKJJEJB,2711
IHPPLBJNHAN,8118
IFOCIMPGPCH,1033
GOOCEGNCPEJ,26954
EJHPLNLBKLI,21623
RogueCellUpdateNotify,5046
EnterCustomDungeonReq,27959
BCMMFGDLMLH,29294
FELNFBHMPHL,23880
SceneEntityDisappearNotify,20184
PFNEMHDNOEH,22981
HNHJPAEEKHM,22398
KMJKNJFFCME,25924
RoguelikeGiveUpRsp,22462
JNJADAFMDEN,2961
MonsterSummonTagNotify,20583
FishPoolDataNotify,6016
NFMMMGLNGLN,8154
BeginCameraSceneLookNotify,24479
HPEBNEGDELL,750
EMBKNDBBKIP,4561
MichiaeMatsuriRemoveChallengeMarkNotify,4157
JKIPKEMNDBN,26159
NMOEJDNLMLN,24236
WindSeedClientNotify,26189
EBGKKJEPOAL,24536
DoRoguelikeDungeonCardGachaRsp,2096
BCLCJNDPCLM,9438
IGCBMLEEABK,4680
DBFDHGKHCBJ,20531
EANJIDHIPGH,25663
CustomDungeonUpdateNotify,9211
KAIBBNCMLJJ,22516
HNCKMLBDKJB,75
CoopRewardUpdateNotify,20899
DLMLGIDCIHM,1316
MIFIDNNOOLN,26347
BCFDJKKPLAD,26232
PAEEMIBNLJM,26828
OOFNFCKLOLL,7257
InstableSprayEnterDungeonReq,29062
GMMPPDNHICN,20613
QuestGlobalVarNotify,26735
PlayerInvestigationAllInfoNotify,24880
GalleryFallCatchNotify,9037
NLGONKJIMDI,5265
MJKGOIGNDIA,20274
LGDOJCKBLGH,29904
DJICAAECLHL,5966
SeaLampTakePhaseRewardReq,23310
HJEMBJLFGEK,23529
NINCDKEOMOB,6013
LBJDCBOPCED,8387
GetCityHuntingOfferRsp,1578
PEKHOOBBBJH,97
HFDDENECMLF,2389
AGKIFPFHKMN,4272
IDEHKFKJJHD,479
HomeBalloonGalleryScoreNotify,26482
ProjectorOptionRsp,20246
HNJMKKGJODA,5402
FleurFairReplayMiniGameReq,2284
IOCCKJEEJKA,3480
NIBEOAOHCHA,1562
JFBNDDJDHAO,8690
MDAGNLIKNJH,3355
BPPDACKGLBD,8351
PlayerMatchInfoNotify,9717
CNIOHPMOBJK,26609
GBLGILNHEEF,8119
GCGDSDeckSaveRsp,29096
LEFMMLKCGOM,23377
NHJJIPBHADA,24779
KDLKJHOJBAB,21359
KNGDNJOGBOA,21127
JELAAMAPBOC,2265
KHLPENHGKBO,4974
EACFBEBJIDN,23072
BLKOAIMJDJF,26489
Unk_37_HBNNBMAOCAC,4056
IGGOPGHIFFE,20869
BHLABPNEFJO,7497
FHMLNBIPDMG,28066
BBOJPGIAHAH,28991
FONHCCKOGNO,3505
LPIBAGGAILA,6046
GONLIBPJHFG,20917
CBJALAKIECB,26268
OECCFPLPPJL,3051
ForgeQueueManipulateReq,6064
IPJNABIAJGM,28598
MMLAODKFEMK,1898
SeaLampTakeContributionRewardRsp,3438
BattlePassMissionUpdateNotify,2699
MLIOEBEGOJJ,4078
GetMailItemRsp,20578
PHKGFBHPKLJ,23457
HEINBENPGAK,8369
MKGOLCKAGPJ,23163
MMLKCLLHCNK,23545
ScenePlayBattleInfoNotify,808
WorldPlayerDieNotify,27388
JGHIDCLFHBL,725
SceneRouteChangeNotify,27940
HLCGJOPCBKD,26608
BlossomBriefInfoNotify,25636
BPLOPEPJLMK,2851
GBPIHHCPAFK,22667
TakeReunionMissionRewardReq,488
MailChangeNotify,1183
FungusFighterTrainingInfoNotify,22653
NIDKLJCDHKD,26030
KHIJBJONFDD,21305
GMLHCFLNOPA,26527
GEAFMAKOKPO,9235
FNIEOOPDPFF,25889
HomeClearGroupRecordRsp,22714
DAJHNLJBEKH,28208
LLPAGMNOGEA,662
GalleryFallScoreNotify,27877
HLALHDCAGJL,5343
KAHDJOOHPHP,2980
CCBCMNIGFKG,2590
FOLEIEHCECA,29139
EJCBCAIDDMO,23288
ClientAbilityChangeNotify,23585
EJFEELFFKFF,21712
SalvageEscortSettleNotify,24329
DBADNDELPML,969
NAAPEMENEFD,6529
DungeonChallengeFinishNotify,29001
AvatarUpgradeRsp,9724
KCLLLMLMJJG,28834
KGHJJCJPPME,2133
MFMJCCFPKKJ,29963
PGKEJLHLIFA,29606
MCIOHLHFJNA,29773
GCGDSDeckSaveReq,28399
AJNELPMJAAL,8326
FMHAMAKGHPK,26956
RogueDiaryRepairInfoNotify,2404
HAKCMCHHPKO,7067
HMPLMIDJJDP,25757
GDMNMOHNEBE,4999
AFOKHLAGHKL,4629
SetEntityClientDataNotify,308
SceneWeatherForcastReq,23673
CJKBLFJPDMA,24383
GAPOLMAMKPO,25719
BIMIDBBJPHK,9515
MACJGPIEKHG,4280
IBKDAGMFGMD,6329
OMEJDKBOCCI,25471
ReunionDailyRefreshNotify,2216
EMPMFPCANJB,29051
OABAKGNPIBM,25014
FishCastRodReq,29759
FLJODAMGHOJ,7706
BHLJHHIEELE,26018
CreateVehicleRsp,21228
WinterCampStageInfoChangeNotify,26774
BuyGoodsRsp,9192
BEPIEEANCOK,24942
JKLBCKFDJEH,5784
IEEMAKALGIM,2542
PlayerQuitDungeonReq,3764
HFKGEDKPPOK,1196
NIDOECPFNHD,29341
GAKLFEAMNMM,1368
BlossomChestCreateNotify,24373
FungusRenameReq,2704
ActivityCondStateChangeNotify,20667
SetOpenStateReq,25348
AvatarRenameInfoNotify,29164
NOLAFILGLPF,2003
CoinCollectGallerySettleNotify,20545
OtherPlayerEnterHomeNotify,23302
NOONIODDIAN,28132
EAJMGGIDOIB,6254
CCMGABNKHDM,2373
JFCAPAJMLLC,22263
Unk_53_PCMGFDPOONK,5313
GKBMGJAOODI,7034
AsterMidCampInfoNotify,4276
BOKBHJHAHBL,28441
ClientScriptEventNotify,24347
GJDLHNJDONI,20088
QuestTransmitReq,21060
MultistagePlayFinishStageRsp,2141
APCGGCNODFJ,27801
SceneAreaWeatherNotify,3737
GELDHDKGECP,27786
Unk_45_IAEKGKPJIIP,29279
FKKINNIDMDA,3313
JDKKIAONKKB,27484
HPBLMIMDIFI,4025
NANHPONKDIG,4617
EMCKMAICBKA,7513
LEHPIBICEII,29861
BFCBILAMFNB,3860
LAKIANEJCLL,22159
OONLMGHPLFA,24972
KMMABKCDBHF,4112
AvatarDataNotify,9081
NMPNHCFMCCF,8616
DKCLAFBLHBD,20468
MAHGAPOELNH,29734
LPLEBHGINNF,22577
HFKJKFMIFLC,3589
FireworksLaunchDataNotify,24992
JAMENKAFNOF,3159
GEEHBGDHJIL,24900
ABBCJAHMNML,4540
GalleryCrystalLinkBuffInfoNotify,2674
RechargeReq,24921
CEPFDAAGCOL,2028
OKKAHNICKFF,1177
HKHMAIGPKLP,24907
NFMPIHHGMMO,29833
OBCOFOHBNKA,1075
CDNLJKOHMGN,26917
GGDDNIOKLOD,6586
PCIGBAGOBNE,20001
GCNKDPODOPF,27195
BartenderCompleteOrderReq,7801
EvtSetAttackTargetNotify,9173
LMCIAFNIBNK,25377
DCKIHHLHENJ,4300
OLBDFPNAOHB,23808
JIMPBAAOJEE,5285
GNNNDAJMBBM,6270
GetOpActivityInfoRsp,6564
HPHNCEPJNFP,9528
LNOJMCKOEJH,24274
DragonSpineCoinChangeNotify,22598
NPDOFJEDDNI,9517
OLKCHEKAHJA,4080
SetIsAutoUnlockSpecificEquipReq,26781
KAKCEDGPCCD,2197
GOJFNGDJJAM,23876
PlayerMatchSuccNotify,4404
LENNIANJOGJ,23578
CustomDungeonBattleRecordNotify,26645
HLHDPNCEOCJ,29188
UnlockPersonalLineRsp,25738
NGJMLEFJDBL,23969
CAJEPIIHMHF,3003
MGJMCCJJIAK,8851
BOEEKMLLHAE,20822
LEHALAEDMCM,28482
GCGGrowthLevelNotify,26042
DJEKAKDBCFP,25228
HMENPKGAPFK,27866
KBDIFJOOGPE,3720
PlayerTimeNotify,25366
DOIHFNHDHNC,9327
PMPNKMOLBJE,9196
PGBNGLNDLAJ,27574
OIOHLFCAHAJ,3364
PlayerApplyEnterMpAfterMatchAgreedNotify,21265
GCGHeartBeatNotify,26068
JFJHDBILGFD,29348
OFFGJKJCEDA,2580
SceneAvatarStaminaStepReq,3746
PHGJODECHPA,23746
TakeCityReputationLevelRewardRsp,22688
KMKADEOBCLP,20092
BLGLNAPKLEO,1531
CoinCollectChooseSkillRsp,238
ABPMIEFOJLH,25403
GlobalBuildingInfoNotify,24631
GGJGLINOPHB,28543
AKFIFPAHDJO,3913
DGBIMNGHDDC,6649
SalvagePreventSettleNotify,26099
INNAJPGAGCG,2079
ChessPickCardNotify,20037
AbilityChangeNotify,20777
FilterSearchUgcRsp,4843
EnterTrialAvatarActivityDungeonReq,21555
LMMCDABMPDC,7988
DIKDPOGGPEF,5248
KGCJJEFDOFM,23051
FleurFairStageSettleNotify,4528
DragonSpineChapterFinishNotify,3117
PullPrivateChatReq,5222
LDGFEODPHIH,24797
NBMIGCOIJOB,26143
OBIFCDIAAPL,2248
GCGWeekChallengeInfoNotify,23571
KKHHHNIIEOO,28927
IIGFMEBILJM,8586
ONDLBKBMHLK,9838
CFIKPKPAPKO,7649
DungeonRestartInviteReplyNotify,5301
AHAEFAKPOEF,7287
LNACIMCJGIG,28596
HABPHIBJAPA,6800
MJFBKDIOKPG,27367
EvtAiSyncSkillCdNotify,3161
CoopProgressUpdateNotify,3102
DEAGJPEGDKP,4746
ABBJFKGIGDM,131
SetUpLunchBoxWidgetReq,1234
NEONAONFFAF,5612
GAKDLGMFAPF,28484
DMBFGDMDBEA,5053
DPGFCJNCHHI,24736
SceneInitFinishRsp,3421
PMDFOMJDJGL,24402
LHDKBDCELKJ,26541
NNPHJCAGEAO,2842
BlessingAcceptAllGivePicRsp,2449
ActivityPushTipsInfoNotify,1686
GAAMJICELNH,27778
AGFAOPFGOOK,5552
KKADMDFCJAH,21071
OLCDGINLIGD,21194
AGACBDDKPMD,25559
GIKJBEEHLEC,9911
DBLPDFDFAJA,2148
HHDKNPIPJBD,29500
KHHDFFJBIHL,6689
JILKGHJHMOI,3646
DIKCEIEKBBI,23962
GJFBJHIDNLA,29631
GalleryBounceConjuringHitNotify,7518
Unk_48_50_NIJOMGFMLKL,3910
GCGSettleOptionReq,1384
PKKNGKFBLCO,8264
HBMOMBLBJFC,3596
GHDIEIMLMOB,28764
KIBBHIBOHBG,9361
ABOGLBLEAGK,1245
EchoShellTakeRewardRsp,3057
LBNPEFMENHC,20623
PDGECBOMBFA,25395
GCGDSDataNotify,4033
ChangeGameTimeReq,28276
PEGGPLJOBPG,27609
MINFIPELNBE,23753
ChangeTeamNameRsp,22264
SaveUgcRsp,21111
SceneCreateEntityReq,28316
COEBOEOPJPM,25632
LABIACLEEAM,5824
JBKLDFAHEKB,6831
GGHMLOFCLCO,7868
LMAGKOJHOGF,26113
AFDONMMHHEJ,26025
BENOLDPFBNJ,2287
OIAFBANDEHO,21439
FKICPAJDEKH,21849
KLEDCNAGNHK,8827
DKCIFMMAFIP,6540
BNPMAJEEIHN,8829
NKFILKPLCGE,7351
GHLDFCMMJIK,21213
OMLFPGNPAIM,9457
MCFDBIEIFLM,28181
OJELJGGBGEH,21922
CNDGEHILCEB,5153
GHDOFCCJOJA,8891
DungeonCandidateTeamPlayerLeaveNotify,9353
JKHJPCJMFEG,8583
BattlePassChangeRewardPlanReq,22103
GLJLKAAHIJI,6453
JGEEOFDODHM,112
LBINLDGMMOI,3566
OJAHLDKAPIC,5167
CheckUgcUpdateRsp,8177
BNBLJFKBNMF,22649
ABNGOLEAMAP,27687
ClientAbilitiesInitFinishCombineNotify,29630
ALJMLFCBDND,25566
DPAIOJKJJLB,106
AKOCLDGLMNC,21947
KFHDFCNPMNC,1269
WidgetReportReq,22982
JHMNPKGNBKD,6470
GetSignInRewardRsp,4911
GCGTCInviteRsp,1784
ItemGivingRsp,27050
EOJGKFKGGAJ,25948
CGEAJLKMFHD,29043
FDKCOJFAAFD,21979
GalleryIslandPartyDownHillInfoNotify,25334
UpdateRedPointNotify,22980
ReunionPrivilegeChangeNotify,24115
CJHAJFLKMOB,23227
MarkMapReq,8272
INACJGECKPD,21817
LOKMAGJKCFB,9846
FJDDLHIELNI,26072
KAJEOOJFCNB,8000
BGHDLOOFFBO,21793
NNBBKJAMPJN,28556
GCGOperationReq,7181
BCNEJGGNAON,5045
NCJKMADAPHJ,921
NPNJCKHGFMB,23925
SetPlayerPropReq,20052
LMLLENFGEJF,3613
EDODNLDCACB,407
OHJMOCLGKLL,28756
GNMDNOJPENB,4534
HideAndSeekSettleNotify,22538
InterpretInferenceWordRsp,24485
ReliquaryPromoteRsp,23442
BKIFJJLJKIB,609
DestroyMaterialReq,9356
OJEOKEKKJII,25171
NNGKHCDIKIC,24940
JDOOFGINDOL,20876
NBAODPHEHHG,2212
GetNextResourceInfoRsp,20974
CECODAEPMPJ,9604
KNDJKBEHBAL,26690
BatchBuyGoodsReq,3273
IOHCGIGMCCI,26325
OFLNDCCDNAP,21994
ShowCommonTipsNotify,9452
ICBIBFPKEJJ,28729
DungeonCandidateTeamInviteNotify,29372
KOJBHDKCFCI,7020
FKPCBLMDPDK,6146
JOLKOMJDMHP,29911
EchoShellUpdateNotify,2734
FFJJHPNGHIF,29555
ACDBHLAAKLC,23448
AEEEIDBDJBA,21690
HDJMAGCMJGA,24554
OLBIGMLLLPJ,23241
DBMJJHPLCLD,854
IDMLLHFOMDM,4933
DAEOMHLHEMF,385
JFLJIAMPKDC,4185
IKGFNDICFDC,23055
KGHMGDFPMMA,687
DPOPACGEBJG,1459
JODCPLHNGFF,24
JIIECPHBMPC,25567
NEBCGELCPDM,8545
GJNJMBNMKCP,1344
BMIGJOCIIOJ,27316
CACMILHCDFF,8855
GFKHJMPFMMK,7216
JDADKIDPNCL,21508
BBLAKDEMMEN,7113
HMOBDNELIIB,26427
LKPMOAEBABH,1238
GMIKFLDKGNM,1591
LEMEKJJEJOJ,20630
BGAHDBGOKAF,3981
ILNOBEFDGEB,27843
SceneEntityDrownReq,25890
GNMDEMAGLDD,1830
ActivityGetCanGiveFriendGiftRsp,29721
GBCPKLODBDN,8938
HCJKLDGEOHF,8812
IBDHIDCHKMN,22547
WeaponAwakenRsp,28762
GachaWishRsp,21579
EOAJFBBEMNM,4142
OHPMFJPBKAL,25895
KNNEJKOMANJ,1902
KNJDJDGJBFL,28565
FJHDLAPLGEC,22960
JIMALECKBGC,8009
HomeBalloonGallerySettleNotify,5244
DLKGMMENNFJ,22630
DAAKNKNKJMN,966
ItemCdGroupTimeNotify,28117
MOGMFFKPHGN,29613
IFDMOJIGCBI,9040
IPKCHBDKHPF,26823
COMPEMOIEJH,28609
HomeUpdateScenePointFishFarmingInfoReq,23505
HKKHLFFKEKN,26192
JIPJPEAEJNP,3004
LunaRiteHintPointRsp,9894
CPHBMEEAKHD,3427
EKBNLBGLNFH,6780
TowerCurLevelRecordChangeNotify,4290
OLDJCCEFPIN,7746
AsterLittleInfoNotify,27403
CBJOHMBPOIF,20625
ActivitySelectAvatarCardRsp,8557
KLCACFJFAGE,27329
LGIFGOPIHNJ,2125
KGDLDCGHGIL,21675
HGBGNADHIGN,20265
ECEIKGGJDPH,8388
EAFMCHEEKJO,22681
FMCFPNDBLLM,26749
POKPDEEMNFJ,5972
IslandPartyRaftInfoNotify,25584
JFGOMHNMLIK,28784
ClientReconnectNotify,29274
WorldOwnerBlossomScheduleInfoNotify,1601
EvtDoSkillSuccNotify,132
SetEquipLockStateReq,27765
OKDHDKOJLKI,28009
OMADMNFEJEE,29918
FJLADNCGJME,4369
EGEBDIMENGG,5728
PlayerCompoundMaterialReq,6730
JPFCDFDEBBA,3694
GEDFNGAHPOE,7265
LBIBBMCDMNF,3862
JKCDELODCDO,4906
UpdatePlayerShowAvatarListReq,22826
EntityJumpNotify,29107
NNNALINNJFJ,4075
DOOIMDBLGHN,25095
AEODNLNOCBP,22256
KKPCAEGCACA,24289
PlayerLuaShellNotify,22096
JICEDMIOPEF,24102
BCDFLHLEFIN,29838
AJEBBHBMEGA,1248
NMAEJEFKEOD,28654
EIIFKDEJMDK,29078
HLICEELJALI,24674
EAMPIOGBFDF,27977
VehicleInteractRsp,20999
KAHAKAOJOJD,6133
NNNNKKGJPEI,1715
AHHJOBFIBGC,8254
PENLHMOADFJ,3256
SceneTransToPointReq,29351
LMENDAHNAHJ,26814
OGMGFJKMMFN,780
LPIDILGPBHA,8392
LanternRiteEndFireworksReformRsp,3422
PPIPIDJJGJN,3567
PGJDGHIGMJO,681
PDHLFJGGFFJ,7162
PEPLPFHMNIE,27216
LECLMLAJMAN,28474
NEHEPCBJBCI,25184
PONJMFHJKMH,28312
ENGOLDPMMKL,26717
HCBJOKOAAJH,5181
KAEIPFCLBKO,6438
ScenePlayBattleResultNotify,24770
AJMGACDHPJE,6340
CFHBBEPKIDL,24331
NFFPEEPOIEL,23978
LPGPEDAIBHA,25939
IFGLNDJMLAP,5245
PHGMABHBLON,26716
MMEMDPCBEPN,27385
DMMPEELLNJE,28786
BLEGJJPJKHL,5258
GOIJADLFEJC,29994
GetMapAreaRsp,23144
OMFKAJDAFDA,6276
StoreItemChangeNotify,1488
GCGTCTavernInfoNotify,6995
IOJDLBILBEN,29408
TakeFurnitureMakeReq,7742
RoguelikeRuneRecordUpdateNotify,20761
ILADCGDEMEH,4022
HGKNNDLOFDO,5664
EPCHLLNPDBC,7357
BartenderGetFormulaReq,5317
ABCNKGDOOAK,28149
EntityPropNotify,21525
KMIBNONKKCB,5221
BlessingGetAllRecvPicRecordListRsp,5681
PEIFAIEBJNO,23368
HLNBLJKJGCH,7555
ABPHBKLMEDG,6776
CrystalLinkDungeonInfoNotify,27154
CLFJLLNMLOG,23158
IIJGNPJLFKB,25402
DGOEOFHLOKH,23263
EGKLNLDLNNM,23691
MPLADOFLLPP,356
GetAllSceneGalleryInfoRsp,20044
ServerAnnounceNotify,7583
OJGIELKIALG,4840
SetUpLunchBoxWidgetRsp,24453
ExpeditionStartReq,25205
LCOFPBKNPBH,28165
EntityFightPropChangeReasonNotify,20732
EIOBLCFCJMM,21619
UpdateAbilityCreatedMovingPlatformNotify,26988
DungeonCandidateTeamDismissNotify,914
FDAIFOBLEAI,25737
ServerCondMeetQuestListUpdateNotify,27533
KGHJNBFBBFK,6608
WorldPlayerLocationNotify,22245
PPHHJBPNJHN,21331
EvtCostStaminaNotify,25934
FLHEHIKMACF,26935
GetScenePerformanceRsp,27207
PIHDLCGAGEI,5926
CPDCOFLJPNE,2667
LAJDCLNHABI,7189
AIKMHPGBFJF,7360
LLPJMNDJMOG,28956
WindFieldGalleryChallengeInfoNotify,20701
OpenBlossomCircleCampGuideNotify,29167
NJIKPKCNKAM,28339
NBCLEHGCPBH,24246
MonsterPointArrayRouteUpdateNotify,20306
GBDLFNKNPEG,22102
DBAGPADMDCO,20096
AvatarAddNotify,28685
NPMDANJAIEC,28469
IKAFLEKGCJK,25311
OEJFEKCHAOM,3898
GetScenePointRsp,270
GDEKNOBAIGJ,288
KKIAFHKOFNO,5500
KGCDEHMEMDK,3078
JNFAEIABJDK,23732
JBNGNAPAHID,22787
HLBLHCGNDGD,29054
ECLFGKPGPLJ,3749
DAPNIPGNGEA,25931
FBFOAMGDCCD,7861
LILHIJEIANA,1937
PIMIOEGHPMN,9698
CHNOFFCLOJN,5985
GetActivityInfoRsp,21686
JOIFDPLBGOI,22154
SetSceneWeatherAreaReq,27789
SetEquipLockStateRsp,7625
DDFEJKIEAGK,1832
DLDDPPACAJB,25253
ADEJMJDEDHJ,23733
BEIFKJEGOED,1043
PushTipsAllDataNotify,25060
GetSceneAreaRsp,23669
LKLAFGLJINN,2269
ClearRoguelikeCurseNotify,7652
SetNameCardRsp,20393
NPHJAJGJEJC,21725
NIMNGCNAJJF,2413
FJCMNFJMAAG,7502
OPAFOBHOBCJ,22800
BPFIKLLAAPB,6503
ENIOPLHAOBM,1520
GetAllMailRsp,20435
PlayerInvestigationTargetNotify,953
DALNMNGPDJM,632
KBCIFDDBAGE,23919
PlayerPropNotify,21804
ONCKNMJIGKK,4716
AEHLLGGEHPC,1823
EHGCFNJNLJO,24905
Unk_37_BBEFELPNOFF,5458
ALGPIDHHEJJ,27860
BDDPANCPOLA,20046
DOPDOFALBCP,1259
ILMFLMOILJP,7946
EvtBeingHitsCombineNotify,4146
EHGFCJNEHCN,21003
KMEJIPPGFOJ,26723
FNBKDKJMLDD,27714
EEIICONKDHB,1337
EDMOFGHBBHI,6686
HomeCustomFurnitureInfoNotify,23473
FMGPLDLFCFP,2924
FPJCNFNCGFJ,1236
IIAIDJGOIML,9730
BJPNMMGFFIB,5331
GEJDBGBELIP,8816
Unk_48_50_AALDGJPNGCO,28670
ForgeQueueManipulateRsp,7607
PBGJDKDGHOL,6871
AIPKNILABLB,26689
FJJJEBMIPLA,2040
AKCOIPNLCHO,4979
EEHHFHFAEJF,9605
KHGIMPDHGDF,21871
DEOIKNNLKME,5362
UnlockedFurnitureSuiteDataNotify,4008
NLHEFAFFCAB,29586
AvatarDieAnimationEndReq,25215
ActivityGiveFriendGiftReq,9150
JHGPCJBLCHE,3816
ChangeGameTimeRsp,28589
DGCBIEHNAJG,25563
TakeOfferingLevelRewardRsp,4270
FNDGCHFBLJJ,1725
ChannellerSlabSaveAssistInfoRsp,1484
ChangeWidgetBackgroundActiveStateReq,26459
PAEOBAPFICK,6205
MusicGameBookAllDataNotify,9844
QuestDelNotify,5774
DPKIEIEFBEK,6550
OPKIBEBJCNC,4373
KKCLAPOGGMA,25008
HomeGetOnlineStatusRsp,29723
EnterChessDungeonReq,25303
WorldDataNotify,21967
MFKKHKMJHEO,24178
BEOBDBEAPIM,25359
NDEOFCPACIB,7124
BBBDNJIIOHH,28371
DLIKCNHCAOF,29237
MOBEOLMBBLC,22703
ALEHBEOABHD,7188
POEEECMJJCG,1837
MEJIPBCNMJD,28734
EPCMOKHFHPP,4453
IJGAKBMMAEI,25300
OOGNPKDNMLC,20031
FOJEBHBDJAD,22235
HHJADNFFBMJ,6722
OMDKCPJJICK,27239
FOBMNPMCBHN,4390
MOLMNOFHNGA,5418
ODALOMBHFDB,29929
ALDPPJJKEOG,9422
DNAAOIFKICN,3691
BlessingGetFriendPicListRsp,20139
MFHIHGLDEFJ,3176
ToTheMoonQueryPathRsp,6111
CEIEIJAEPOA,1523
LBEKONCGOLC,26776
ABKNEIGFECI,25353
HBDJEGNIBKD,4567
JHAIAALCNNE,27537
BGHEEOABPNE,2899
NIAFPBAIJPM,22350
EKPMIBHOKKK,23182
FACGEJEOJBA,6978
BeginCameraSceneLookWithTemplateNotify,25665
MNFBGPELLHB,22155
BatchBuyGoodsRsp,5563
GetActivityScheduleRsp,8279
LKAJBJDECHP,5087
ENICCOEOCJO,4735
KHPFLFFFPMI,21553
CAEMEBIKPOI,5016
OIILNJIDONJ,3191
JHNAMNJEEIN,1513
JGOHIHLGEMG,220
DIGFEHHDENC,9205
AnimatorForceSetAirMoveNotify,28687
EOPCFAINLLF,8656
PlayerLevelRewardUpdateNotify,25915
EMEDLLFCACK,1755
DEGJFGABOAJ,29652
EnterWorldAreaReq,5869
SignInInfoRsp,20259
HIOFHPCGOMP,3389
WorldAllRoutineTypeNotify,6360
AHDIBBBILNA,26724
HBFKADGIMBC,24728
IKHONNCJJDB,29967
ICNMECBBLDG,1151
IEHJHMCAFCO,7379
EONKBPGLDGH,24392
SceneDataNotify,1404
KCIHFFLPLFA,1926
GENIGHKHIAP,22834
PGABFPDHLHA,764
GetCompoundDataRsp,8810
FleurFairMusicGameSettleRsp,23480
FIEMHGNMEBF,3402
NOFAHOEGDIM,8197
OANAEIOPNLM,809
ActivityTakeWatcherRewardBatchReq,22593
NLEDJDFFHLA,2205
BMDFHMNLECN,25647
COLPKFFIOKF,23858
JAGIEONAAGJ,22754
MHMBOJMDKDF,22956
HEMHHKBHNEL,27857
SkyCrystalDetectorDataUpdateNotify,23536
BrickBreakerPlayerSetAvatarNotify,22678
DPFMAIODGEC,1162
OGHNJAHDCAF,3593
GCGTavernNpcInfoNotify,29005
KJINOCGPOEO,1326
BJJNMGLNOOF,23494
GDGOLOLMJKF,2408
PNPNBJKIPJB,3119
PLPEEOMDEOD,4090
PEPMHKJPCNN,2087
FGLMMNELJKH,939
ExecuteGadgetLuaReq,23627
ABPKJCHNDHI,4554
GDOOFGDBHCF,4469
HomeTransferReq,1510
IrodoriFillPoetryRsp,21382
MFJECNNLKPA,3846
HuntingRevealClueNotify,23583
SceneEntitiesMovesRsp,23405
EGPKLONPCCK,22396
FKJGPNLONCH,5159
JIIKIGECPON,9287
ABPJHDFAALA,28647
HFFOPJFAHLA,8795
POEOPMKNHFF,6131
SetWidgetSlotReq,8693
IMPKNBCMAHJ,22376
LHIKFABHJNI,2222
LanternRiteDoFireworksReformReq,3336
IBCEIPNEAMA,3048
ELGLPALPBMO,24145
BPLGEJHBBAP,20284
GDLAKONDPHC,20920
DIDMPACPOOP,27340
LMDJNJCHAMB,25127
ELPECCGAEBK,7698
AvatarTeamAllDataNotify,1158
UpdatePlayerShowAvatarListRsp,23806
FAAKCEBKBLN,6611
SkipPlayerGameTimeReq,8018
GLFEJKIMMIM,4428
ODADELDNHCL,25686
BlessingAcceptGivePicRsp,28627
HNBNCMFAOOO,7733
HJCPCNHDHIF,21394
AOELLALKGAN,5207
CFAAJAGEIOJ,9886
SelectEffigyChallengeConditionReq,4963
ActivityTakeScoreRewardRsp,4243
LONNOGHGHFD,152
GetReunionMissionInfoReq,7978
ECNIIDACOHK,3445
RoguelikeResourceBonusPropUpdateNotify,21159
OpenStateUpdateNotify,25705
DNBOHDPODFI,23292
PNLAJPEFFJG,1561
Unk_46_IFJLELPCJKG,3667
LGFEKHALGOK,2434
IAIKHHKHLMA,346
RogueDiaryDungeonInfoNotify,25177
IILBHOHPLBA,22941
AvatarUpgradeReqV2,20955
CBGAPJKDLEK,3120
JAPNHHKBIEM,1919
GroupUnloadNotify,25270
NDJHLINLJFJ,6466
LHABBOJDENF,9976
MMLNIDMAAHE,29499
WorldPlayerRTTNotify,26990
JPCNPIIFCHI,21530
BNGHEFCPADK,25216
CNKMOENLHPF,46
JMKBGMFOFJN,7681
GCGStartChallengeRsp,9117
Unk_37_HJBIANEJEBC,2896
BEKHNCLEJAM,27608
ServerDisconnectClientNotify,2906
HOPLJEIMKDL,234
EnterWorldAreaRsp,23832
EnterSceneDoneReq,751
TakeCompoundOutputReq,29411
EGEMKDCMEEH,26150
FHLNEHBOOOJ,24661
GetHomeExchangeWoodInfoRsp,9182
OIEALPGEJHA,24893
PCNOGKDOKEO,20024
MONHNMMGDOH,28505
CPNOFCBPGJK,26658
IEDDOFKPEBP,23532
ECEHCFNNGJB,28215
OGNCLGJNIKE,25848
FHJOGJIMKAB,22426
DMPOMFNBNCL,6822
GJIIAGBGBBG,1122
MGLFGDOMDOB,24730
DropItemReq,6359
EAIAPLBOGDO,1545
DJOHAEKDBGM,5852
CJDHANKNLHI,9314
MpPlayPrepareInterruptNotify,6861
EHPDOAHCMEE,8580
PEHKJLBJCED,1115
KAGPKOOMPEO,25194
WorldPlayerInfoNotify,7741
RemoveCustomDungeonRsp,20233
JHBLPBCBGDN,24646
NOIPGBONJMA,1006
MBHODHGKOLO,1413
PlayerEyePointStateNotify,28897
JPJDOMGGFKG,2058
Unk_37_IFJPJLJGHKF,21778
PDIHJAFENOB,6148
GBADLIGMPIB,4038
HDGADBLCCEA,3701
FIKBDJJNCDA,26486
AJIKDAEIJMA,2169
MJMIOJDKLIJ,2974
FDMPDFOHLOK,6638
ActivityTakeScoreRewardReq,25333
JNFKKBMIEKE,6256
Unk_38_40_JHGNPGKNKKH,22215
DMAMBFPBDOA,4748
PPAIHPMIHJC,3817
JJABJOALPIL,4174
KEBCNGCOGPO,22246
NNMPBPLKCJM,28852
EvtAiSyncCombatThreatInfoNotify,28755
NNKCGAEKBLG,8920
EIJHPFNMFAB,2022
HLHNFKOLAGB,3093
OBOGCIABPNL,3348
HJAIJEDOGMH,7910
ActivityScheduleInfoNotify,26544
DMCLGIKKCGI,700
SceneAudioNotify,24185
LGEFCIBPDOE,7717
FFPFIHNNPEL,27576
DungeonInterruptChallengeRsp,21813
EKNPCHJFLEO,5407
OMFJBBPANFJ,20941
EDICEANDGDO,28554
FPBACAHKKEK,5738
NDKIGKBABKK,24165
DMCDFAPBBPO,28738
KFKGNPDBOCH,7456
EnterSceneReadyReq,22187
AILGNIBLOMP,21772
GadgetPlayUidOpNotify,29021
JIKGJKFJFEM,3727
AMBLBLCOPKM,9920
OAPIHKHNLJF,20367
LKBGFOEFOFF,8226
GetGameplayRecommendationRsp,9405
EAKEHEOKLNA,23242
ALPOKFLMHGN,22766
NpcTalkReq,2192
OpActivityDataNotify,27968
ItemRenameAvatarReq,22915
OEBHBHBFOKO,3277
CNMLDFOMFNG,1772
EDHIFAMEHNO,21378
HomePlantFieldNotify,7308
Unk_38_40_DJIEKDFHMBI,28413
GetWidgetSlotRsp,5779
PFGNLGPKDAE,3344
PlayerQuitFromHomeNotify,26782
LHHDGBENJAB,27564
RobotPushPlayerDataNotify,1089
IOGDIDFMOHM,21572
MJLLLCMKJLI,24084
QuestProgressUpdateNotify,29291
LDBKKBANMID,21489
SumoSwitchTeamRsp,28676
FocusAvatarRsp,7800
MPEOFOBNIHL,3948
IGNKMIJGEHM,28179
FCDCFJLKJHA,20132
BBFBBODCDIL,3122
NCDCHJOCFMA,23586
AsterMidInfoNotify,2419
JMIOMCHJPDI,1161
MIOALGPBFEA,9881
KJJPJFGIHJC,2684
AAGLCMPHLOM,29317
GBGOGJGNNDJ,1400
GetAreaExplorePointRsp,2652
AnchorPointOpRsp,384
Unk_38_40_GAMKOKMNMAL,20195
JACKDLOJLJG,7543
QuestUpdateQuestVarRsp,22965
HuntingStartNotify,7834
BFCIFGFIEEL,7052
ItemGivingReq,5250
JMMNMFFBLIA,24903
GPHKMLCKCKG,5001
HKIFBDBEMML,1928
AddReunionReportedTypeReq,9779
ALIHACBCBJH,28240
MDHCIFMMOGG,20022
EMCBMJODHLC,9359
GIDKKKNPNKG,9758
LNCPMABEAON,3831
MpPlayInviteResultNotify,22879
PBMGNMAHGGG,8718
DDFMFJAACJO,7326
BDHPFAOONLP,7119
HFMMMDFJEDH,7254
CookGradeDataNotify,2144
BOCFGAHIFHB,28202
HDFLJAFEDCJ,23329
CJBDADJPJPH,3470
HKDGBGBBHDD,20477
AKFFCMFFFOH,7912
BODGEGKFFGE,2767
OCKCDAIDENP,20644
JFFGOFDOJJM,21787
PlayerStoreNotify,2540
SceneTeamUpdateNotify,25841
BBHBBMEKFNP,7080
DungeonReviseLevelNotify,9357
GMShowObstacleRsp,2324
ANJEFEDMLDN,1911
EvtAvatarLockChairReq,25076
AbilityInvocationFixedNotify,21255
ODLOEEBANLE,9130
IMBMOBGNOCF,27483
NFEJBAAHDCC,24995
TakeoffEquipRsp,28389
GetScenePointReq,2446
JJMOPGCBIMH,965
TaskVarNotify,4273
MassiveEntityElementOpBatchNotify,7343
EGJDMJAEIMC,5112
MainCoopUpdateNotify,21780
GLBNMPHHBHD,27907
CombatInvocationsNotify,22514
BFDNNOJDKEA,26472
IJDKONAHCKK,3135
DungeonInterruptChallengeReq,4877
BuyGoodsReq,4265
SpiceActivityFinishMakeSpiceRsp,23631
AJNIKGLBJDH,24418
HLCCLNLBNID,6426
GetUgcRsp,4565
FFJOMPCCIIF,1298
DNGEBKKGFAD,21681
GetGameplayRecommendationReq,24005
HPFHFKGGIAK,28907
VintageMarketDeliverItemRsp,23089
KGFIKNCBHEH,583
GDLCMOKIGNG,28936
EJJDNOONMBL,5773
AvatarEquipChangeNotify,799
JDPNBCMHHDO,4467
HitClientTrivialNotify,24434
UnlockedFurnitureFormulaDataNotify,29191
KPHFNGHHJBJ,4323
DKPBNNILADO,28299
EFJMEDLAMIC,1681
GFFFGDENODM,6717
HomePlantSeedReq,25936
FGDGGKJHKLD,29157
EntityFightPropUpdateNotify,29337
NNCCAKGMAGF,29603
LJDINAKBCPA,1414
TakeCoopRewardReq,7995
HKLJJGPGKDO,23508
BGAGKGJBGCK,24355
PlayerEnterSceneNotify,20696
SceneEntityAppearNotify,4368
FGDJMOPPKKA,1769
CLIKKPOCAJP,6986
BrickBreakerPlayerSetChangingNotify,25868
EDKPJAJMEAM,27625
LOPKAFPKNEA,9793
CMLGKMLBCOF,3517
COCPEGEBIJI,8871
CBODGMOOEEN,25339
TakeBattlePassRewardReq,2004
ECBKPDHFEIG,22788
EBNBOAPMJPO,2001
LNFPBCLEBIA,5999
TakeMaterialDeleteReturnReq,27754
ILBFJOLKGHE,3501
KFPLOBOCDAJ,26220
IPKJKHOKHCM,26181
OBMJMIMKINM,29031
KCNACLDGMLC,22812
AvatarFollowRouteNotify,26610
UseMiracleRingReq,6264
JGFMEGKJPKB,5702
DailyTaskDataNotify,2491
MGIDAIOAMCH,25694
BKJIKHLPBHL,25529
KCJAMFKFFCI,4248
PIPDOEMKIBF,1612
WatcherEventNotify,24467
GGABAPBLLCM,23734
GOCJFNCNAGJ,9140
BNEECJBHGFM,21617
GKKIEHIFCCD,27540
EFGNIDAAHDP,7380
HHODAGIHMEJ,21113
QuestListUpdateNotify,7418
ClientLoadingCostumeVerificationNotify,7280
TriggerRoguelikeRuneRsp,2264
CookRecipeDataNotify,9261
EBDEBCJDEGD,350
KMBKINPDCEL,3963
UseItemReq,7190
NGCICFOIPPB,26031
EvtEntityRenderersChangedNotify,4858
SealBattleBeginNotify,23317
FAIJEIOJADM,28931
PlayerPreEnterMpNotify,23122
NGOCHLEAKNC,28224
MDNDLPGGIKP,24870
HLEACDDDFGN,631
SeeMonsterReq,1884
KMJOLGCFFOE,6751
BuoyantCombatSettleNotify,7263
DDJDGFONOBM,10
NFEBGFCDONF,23647
JBGFKBMPFNK,9020
WinterCampSetWishListRsp,23259
PotionEnterDungeonReq,28396
FDMPLIFGNAJ,6301
MGHPKENLPJL,20267
GetSceneNpcPositionRsp,4823
LODOELFJDCM,574
ODDOIJBLAFG,8615
LuaSetOptionNotify,25031
LPCGBNJIFCN,6313
GLDINEMAIMB,24963
BlossomChestInfoNotify,21079
ChallengeDataNotify,7196
BALPEGMLNIC,23752
PLBBDLGNJME,8202
DLKOMAPDJDL,1682
AEPEDEMGMMO,5335
SceneGalleryVintageHuntingSettleNotify,444
MKJNJGHAKMG,5766
DPAJFEABDAH,3229
MapAreaChangeNotify,28360
GetGachaInfoReq,28709
RemoveRandTaskInfoNotify,318
KIEIHKLAJDF,5501
PersonalLineAllDataRsp,478
NDMAPPHLFMK,4375
IOKJNHHJACM,25568
HKMMEHLGKAL,3083
EHKDHONFKJC,5175
BELCFPFEIND,21186
DBCOFBHGPPO,29503
RemoveCustomDungeonReq,20421
PhotoActivityFinishReq,22918
JGBPOKDCEBL,565
UpdateReunionWatcherNotify,21934
EOBHCGCJIAE,5059
HNPKJKDIDGJ,29811
HomeBasicInfoNotify,26381
LMLOOCOAEDA,1934
JAEDIPGCMKP,27621
HHJKJPDFDHP,21062
MNNHHDEKPPB,2311
PGNNLCAGBLG,9491
KFIDMJBOKCB,2272
DNEMJGMAOBO,5683
GDIGKFLJHDP,24096
MPCDNPDAABA,4882
GOBOMGELIIM,32
LAEDEKBOCJP,7256
DigActivityMarkPointChangeNotify,22039
FAFNAFCLGDG,745
IMMGCKBEOFN,28155
IHPJDHKDOEP,1040
HCJGCLOCDMG,9371
KEMNCNLNFJJ,22275
EffigyChallengeV2EnterDungeonRsp,9938
FPCKHFOFBHA,28460
PLHMKNEMJCI,26057
OLLMKBOPOID,25314
PMPKCOMKLAK,6557
JPKFICHEAEA,4096
AsterLargeInfoNotify,3800
EGLGAGIPKGL,3602
OFIDKFJEHPE,9260
ALACBDHOLFL,21624
MistTrialDungeonFailNotify,5311
SetPlayerNameRsp,22014
MNBFGHKDOJM,27031
JHKHCLGAJOE,2865
CodexDataFullNotify,5405
PLGAKPNKHLB,28760
IBKEPPAFNFH,1552
PHFGECCLHAB,6896
AEGCHJNAFLC,6294
GHFHLGLJOJH,25943
CABLCMNHLHK,2731
FGDLEJMONLF,20172
CDMJPJBMENN,27905
NFJENNIBPCM,6997
CookDataNotify,8441
EPCGOMJJLKL,26256
ACLDNOFFFJO,25991
MDMIFFJBNBO,9492
CBLFEJNOLHK,24319
LanternRiteDoFireworksReformRsp,4893
GadgetPlayStopNotify,9375
INGHBIPBJPF,1121
GIOKPCBGIBK,27599
NBMPDCACOOG,21903
AJIPMMEJADC,27106
PlayerLoginRsp,27205
EENBHMNFBCH,6159
OGJPLOLHHFD,21162
OFFHKONAADL,28761
BAGAJGINKHM,4553
LPKEFKOLIGC,433
GFDECCBKKPD,27986
ChannellerSlabEnterLoopDungeonRsp,29536
NDICGFPECDH,6683
GetParentQuestVideoKeyRsp,7905
WeaponPromoteReq,423
BIKCOLPLHOJ,25090
HGCGALOFOAF,7320
Unk_48_50_ELBIIAPPCFE,6939
MODLAFLKDNH,9084
EPILHICFPGA,24160
ChannelerSlabStageOneoffDungeonNotify,3298
IOEJOLAFKNK,5329
PlayerLoginReq,868
DEEOIKJINIM,5590
MNNBNDIOMFH,22171
BNGBFPOJGCP,1975
NCOMAEOBJBG,26078
MpPlayGuestReplyInviteReq,9036
AEJJBILJAAK,25378
Unk_37_CLGOJCOBIJJ,22311
OEMJHCBGABF,27834
HAACCOHCIDH,29006
LLBDGLNBDBP,22214
IMCJLMOOPEL,4267
Unk_37_JJEMPLMHCNK,29308
GCPLKEFGDIL,27245
GCGGameCreateFailReasonNotify,9675
PJLDHIMHLMI,1839
IGGGFAHLDJE,27618
PAMMGFOEKEB,897
GravenInnocencePhotoFinishRsp,20568
EOHJIGKGDMD,27375
TreasureMapRegionInfoNotify,23244
WinterCampGetRecvItemListRsp,24902
KBDBCLPBECK,28679
StartCoopPointRsp,28492
PCKMNIAMHFE,29910
HomeSaveArrangementNoChangeRsp,23890
PlayerOfferingDataNotify,25357
SetFriendEnterHomeOptionReq,22079
DungeonDieOptionReq,25133
GJLFCEHANHA,23909
LADPIAMNPBA,29878
JBIHLDKAAKL,22208
LACDEICGHGG,6386
EPIPGGKOBDI,24634
EAAPBMMMLOL,29379
QuestListNotify,27354
BartenderStartLevelRsp,27649
IMPDKDJOFJL,21361
MEKCINKMCKO,2849
FKGNCGEEDIK,9204
PublishUgcRsp,8504
CNPGOFMDAAI,26719
COEKPMNLKNH,2551
TriggerRoguelikeRuneReq,23127
IOPFLKEDIHC,22572
FungusCultivateRsp,1652
GCGStartChallengeByCheckRewardRsp,2121
TowerBriefDataNotify,9152
HuntingOngoingNotify,26128
PNDMKLPBNOO,182
BrickBreakerSetChangingReq,27467
DAGKGGFEOHD,7212
ChannellerSlabOneOffDungeonInfoRsp,20389
TowerAllDataRsp,7400
OfferingInteractRsp,27856
CIHFHFABEOM,6704
HLKMPCJJCJP,22455
MCGKABNIPNN,29956
JLKOJGPBEGD,9284
EEPKKKEBMFK,20201
MiracleRingDeliverItemReq,7403
PEFMBODDMAC,8336
EEJKDOHEOHO,1869
PlayerDataNotify,2675
MAMAELBEHOI,23987
GCGSettleNotify,27236
JKFOEBGDLMM,5201
ReliquaryDecomposeRsp,26188
AEALILEAMMB,2614
PlayerRoutineDataNotify,23942
WorktopOptionNotify,29770
FIMPKBNHDFD,27151
LEINHNIAGBL,27551
LABKOKGIGPE,20567
GCGDSChangeDeckNameRsp,810
JALOPEDNMFN,22128
DOJJBMKFDEK,24801
JNEJKAKJJKN,9511
INPAKCMEJOB,4797
ReliquaryDecomposeReq,5
NJMOECGACDE,2981
GLEKBEGPEDG,23988
FKCGOKLEBEH,2848
AvatarSkillChangeNotify,25157
HHLOIONFDGG,27951
PingReq,29052
IAPHOLKDHOE,4504
ChannellerSlabOneOffDungeonInfoNotify,26757
LKDIPLCDMMB,21501
DungeonCandidateTeamSetReadyReq,26275
IslandPartySailInfoNotify,309
StartEffigyChallengeRsp,20546
DEIBDGLDFPO,7143
BDHMLCDJLBA,4454
ClientAIStateNotify,5437
GetAuthkeyRsp,22073
LunaRiteSacrificeRsp,1215
CPEFMPPNBKA,27823
OIFAIJNKKHE,26260
TowerFloorRecordChangeNotify,25518
KIGIDONFNJP,23037
BGLDLENALOJ,1687
MarkTargetInvestigationMonsterNotify,1615
PlayerCookRsp,7469
CFAGMKAENKE,5447
FurnitureCurModuleArrangeCountNotify,24405
AECADLBCODL,26387
OEMBMMGINOJ,6323
PLPOKKIEIHO,6269
HDMJIDBJAOF,26637
MNKNCEJLANN,4603
HomeSearchBlueprintRsp,9095
BOKABMPCJOA,27767
EMPBJGKJOEO,6198
INNOMLFPABL,3483
IEMKBOOKEIL,9470
GMLAOFDKJFG,9986
LMAKDNACPFB,2640
GetPlayerSocialDetailRsp,2138
MGAFFJGPHEL,25697
IBBIJLDNNFB,28384
OJNOBDEFFKB,28553
EEPDNJLGDBG,2415
PJIDNPHMHLA,26721
CALEAOICAJL,20970
TakePlayerLevelRewardRsp,29480
MLHEJAEDJBB,22218
AIAOCGHENPO,1260
EEPKKFNNPPM,9210
FDKCGJBHEMC,3243
PIBGGAEGEGD,8971
LDICPCMEAEL,9566
ALBOBFOAKEN,1860
AJOMEBLEALP,21574
HKMIFCEHKHA,5102
MGDPJKOAGGJ,29846
TeamChainEnterDungeonReq,9968
IKGMOANOFKI,2006
SetFriendRemarkNameReq,1738
FKCMLAIJFOH,23556
GCGWorldPlayerGCGStateRsp,20433
PGJNBMJNEGL,7962
NINICPFBBBG,28136
CONJBMNPPAB,25051
OKGCPFBNBCF,24222
PFIEMLINBBP,25336
DHOFMPPIMEB,25223
EJPCECLFOHD,6364
FishBattleEndReq,23363
JCHNOABOPEF,29198
DailyTaskProgressNotify,24384
HomeUpdateFishFarmingInfoReq,7336
AvatarFightPropUpdateNotify,7507
WatcherEventTypeNotify,24671
BGOAEBDGPOG,25966
NormalUidOpNotify,9583
PGKFPCCBPLK,5542
OMCJFNELBJI,24596
CheckAddItemExceedLimitNotify,27332
NAHAKEDPDEI,24717
ToTheMoonAddObstacleReq,6166
ILHDBIMJFNG,26605
FoundationNotify,28435
GachaActivityTakeRewardRsp,9706
OCFLBAFCCML,22091
GOEMCGHNMPI,5267
FGOPFMEELBC,5085
ScenePlayerSoundNotify,25922
AGMBOLHPBGF,27322
OBOGGIJCMFC,3869
OCPHMLFDHLH,9798
ENIDAFMNLLC,1918
IMCGMOFBONN,3189
FAKPDEPEEEK,2513
IJKHJPNNGLC,20612
NIJJPIEJHOP,23131
LEFLDMIIGHP,7828
DDNEEGHOOIB,5433
HLFNCACOKKP,21951
IDDLKBJILPC,2398
FHMBFFDBKNE,9114
CJGHOBCLIGG,21744
DLLPLBACECE,7282
ECIJPJJKOFI,7321
EMAJJFKIEMC,8737
BPHLMAPBJJF,8125
BDPICJAGHCL,7138
TriggerCreateGadgetToEquipPartNotify,8290
EJOFHKPBICG,6191
FLMKOAIFFPM,23040
ChallengeRecordNotify,26026
MKEPHPNDFLG,29599
PGNOLKECHII,243
PHEEEBLINKG,29516
DungeonRestartInviteNotify,20624
LHBAGKHGOMH,26798
APLLDDAFCBO,21734
FHKIBOPPBHF,21682
MPKDJLHLLLA,5214
JHJNDKEJMAN,1119
DMKDGAIKOEA,1118
BattlePassAllDataNotify,820
KBPAJLCOAIL,7613
ILPELKEKGDG,5944
EGCNHELKEFO,5976
EHPKJGENOOI,8338
HMLOOEIFPHC,268
MAHONLBCMGB,21602
KOKCHIAFCNK,315
DBELENCMJAN,20900
JIPDILJHMEA,23818
GOBNLGIBHMI,23469
MusicGameBookStartReq,23349
ALCGOPHFFCO,22955
EntityTagChangeNotify,8274
EKFNLJMPDNA,21154
DAMBPMGBKFH,23140
PlayerWorldSceneInfoListNotify,3358
GetPlayerMpModeAvailabilityRsp,23791
GFKEHIHFDGB,26756
EFMFFEPMLCK,20846
LNEDDOBLBLF,21309
PECOPFDMJDJ,9927
ABPKLIHJPIP,21427
NDPMOINCGMN,6004
PMJKIICGFKA,3374
FKNAHKJGPAL,6388
ExecuteGroupTriggerReq,27736
DCFLJFKIACJ,7109
WorldRoutineChangeNotify,3510
PotionEnterDungeonNotify,7140
EntityAiSyncNotify,7366
IPOPCHHFOBE,26317
MIJGLHNIPKN,6242
EKHKGNGNCPK,20154
TakeBattlePassRewardRsp,1756
CCBMALHNMKB,5419
PlayerPropChangeReasonNotify,26336
HBNLLNILCLI,29834
OFBLBJEBFDC,2852
IDFNPMBJIBJ,28750
NGOLICJHCFA,1240
KOEEFMGJPHN,28913
CIDOMDAAECN,28061
TeamResonanceChangeNotify,27731
KEHHAHPNLMD,1768
GetAllActivatedBargainDataRsp,21953
RoguelikeSelectAvatarAndEnterDungeonReq,28264
SaveMainCoopRsp,27685
BIHFNOEBIEL,5710
IFMKGBPEFGB,24150
IMCHMCADOLK,24095
KKMGMOMNLDO,23348
ChessSelectedCardsNotify,9440
MHFCGHGCGGL,2349
IHDEFMMFJAJ,3590
OOBDEJIICGE,25154
MDEANLKCAKB,26866
ClientCollectorDataNotify,3153
GJMGOJBLIKP,3088
BGJEGJCLBHN,26204
LanV3RaceSettleNotify,7881
NEOHHHNODJI,28445
GBGBFPLAOAE,21498
ICOGKDNCAJJ,4544
NEPAEFMFPKJ,25200
NpcTalkRsp,2598
DLDCJAODKEI,5449
GGDEIPIADAI,22162
EIBIAFKDMIL,28081
AvatarChangeCostumeRsp,20814
KGAGDMCFACL,24260
GadgetInteractReq,27227
ActivityTakeAllScoreRewardRsp,21847
NIPFEFLBKBE,7436
GIFIMJMBDHH,390
LuaEnvironmentEffectNotify,6066
EHAIONKPFKA,28955
GCGChallengeUpdateNotify,24594
EvtAnimatorParameterNotify,5165
BattlePassCurScheduleUpdateNotify,26024
KCMBKDDFJCA,29682
MultistagePlaySettleNotify,8260
BKBPNGGEKAC,22712
DKIMBFKKODE,22763
HBOBGPFOHIJ,21046
KGGBJCACGIF,27888
HLPGIFIGDHE,23408
GetUgcReq,3316
PLDBACJAFDJ,5123
DoGachaRsp,1113
GCGGrowthLevelRewardNotify,20279
ALEOMDGNAPL,29686
GAPFAJCAFOB,4108
MMEEBPOPHAC,8196
MBKMECPILHA,1877
AddRandTaskInfoNotify,3006
HBEDCEBBIHH,3047
CEOGEFGDMIN,28437
LEELJBCAMOK,25702
MKBPHPDMFIL,7160
LEDKOABEBCM,25045
JJMNGAJBGNE,200
FNEKJMBCLDK,1346
HBMGHECMJBL,2835
CGGGHFOIILJ,25355
KHDNJGFIKOF,26457
IJJEEKEAKIL,7571
AnchorPointOpReq,5898
DFJFLDEONGD,28527
CutSceneEndNotify,24513
DONGFEOAGHI,23336
LMCKAKKHOOO,4175
HAOCGOHAFAA,21699
PFODMIJDLDD,29142
LJGOOBOMCMD,4125
JEGGAEEDJGC,29532
Unk_37_MILKDKMJPMJ,371
GDMNGAHLGLM,5572
OJBIFKHJILC,9599
EILKKKACEKF,23542
OBAMFIPFLOK,22067
TreasureMapBonusChallengeNotify,29069
PCLHGGMDKDE,5561
PrivateChatReq,9541
IMMEKDLOGJK,9228
GetPlayerSocialDetailReq,24013
AIIJMODOEMK,22614
CFLKBEEHEPM,23863
AJCGAGLKIOO,20509
KENKLJOLFDB,4940
DHMMLEJECLD,6003
NHHBKCMMMCE,5028
ChannelerSlabStageActiveChallengeIndexNotify,21482
AbilityInvocationsNotify,20238
OLOLCNHHEFN,6765
KLFDDJELBCI,22656
PHCJCFCOLOG,28285
NNMMOMIFKMC,25144
SaveCustomDungeonRoomRsp,9213
ActivityCoinInfoNotify,5860
NGCKKDOMJEF,7660
AICFICEGNIB,20135
EHBKJCNCECG,1708
FCBBJJPDCBJ,5042
PPCNJJPGPCN,7082
NKOHCGACPAJ,25188
EFHPIIIOAAP,1224
GetShopRsp,25698
DelMailRsp,9501
ENMKEOMELIB,27954
FAAMNNMGGIH,2219
TakeBackGivingItemReq,28068
FOHFHNFGKDH,4054
FleurFairMusicGameStartRsp,28669
KAGINLJBPDF,29004
IDBDBPMIHLN,24567
DKAFCBAMOBK,24283
DPFINGGMIOK,7808
NBABIIGCIHK,27244
OPIJEMJJJOL,22534
CoopChapterUpdateNotify,24769
DNKJBJBFAGI,323
BEIPDICMAAP,25865
EnterSceneDoneRsp,20486
MEGIBKGDJOB,20321
NPGKENGCNDM,21203
NNEAOFGGBMD,20129
KCNDLHOBPKA,24741
AEEHDFOKMPG,29303
PlayerGameTimeByLuaNotify,2882
GEKHMOHACBO,27057
DraftOwnerStartInviteReq,734
ICJKHJOBLID,25932
AHGANNLIECH,648
FKCFNENEHGM,8298
CKABDLBHPBD,5154
LNKOABDJKHH,22026
HomeChooseModuleRsp,76
OLNNDPJEKEP,6130
ScenePlayInfoListNotify,5531
QuestTransmitRsp,6996
GNABPAIIEDK,2783
FLPFFJLIBIB,7273
NMNKAIBPEHI,9736
FKOCILBBJCC,2999
EFDMEPJMODO,25046
FoundationRsp,1453
GPAPMGIMMFL,4637
APIMDHHCIAB,20292
LMCANDLHFDB,6225
IPGJGNFHIEB,1242
IIBBNKPCBAD,27421
MALFCDBDOBE,2275
ChangeMpTeamAvatarReq,1291
TowerTeamSelectReq,5387
FleurFairReplayMiniGameRsp,2819
BJGBNFNLDNE,28325
ADKMHIEMHKM,7461
EAABCOEKEOM,26321
EFFFBNBMMOC,3721
HADOHDDLMJL,2136
OHNLFECOMCN,22848
MICHPBMDKGA,28520
EPNBKLOLLHB,8035
COLCOBPMEPJ,26370
CGMHBAKEKPA,27439
DCJIFELBDAC,26060
StartArenaChallengeLevelRsp,29719
PAGOJDPINBF,3447
LBGLKFKMIGB,6117
ABOAKLOAHNP,23194
StartRogueEliteCellChallengeReq,5061
WidgetUpdateExtraCDRsp,26706
LLHKKMJKDOM,5461
HMAMNHMCPNE,9427
BHLGLFOGIPM,28055
ClientTransmitReq,3767
OpActivityStateNotify,28378
KOPDPCHDJLK,25613
EMDIEFGLCPC,4055
KCNPBNDPLNJ,28075
JOIABLCCHDG,20875
MFENLPDFBNF,27607
PGGDDOJLGPH,6178
HEGJNLFKGPC,8363
DJGBPBJFHOM,22450
EAEJDIOEKCP,8907
NMNCKBKBMMP,1312
OLECOOOBMBF,8904
MNDLMDDFIAA,8342
DungeonPlayerDieNotify,20376
TreasureMapDetectorDataNotify,1003
PJKBAADJDBH,26219
CJBOLNKKMFC,20227
GKKLDHDKJPJ,5543
AKHBNGCOPDN,2753
FHBCMBADJBA,2047
CDOIOCDCFJE,6675
DNLJAFMEBIG,9165
FFKCAEELENN,24699
SyncTeamEntityNotify,24345
MMMCCNNIKII,9771
SalesmanTakeRewardReq,5436
EMHKNPHDIBG,5218
FKNADBIEPBO,1056
LHMNAKKJGMG,21821
JCABDNOOKGJ,3911
LEOHGMDMNJH,641
OFIADOMMAJF,6005
EvtAvatarEnterFocusNotify,26704
PPHHNBAKKIG,28369
HGAFBAEPCAK,26923
FKEJAHFJCIP,24082
BrickBreakerSelectSkillRsp,9162
IKGPPCKDJCC,8431
GNAGIHMFIPA,2790
OOAJKGHGPKF,5695
TakeoffEquipReq,2008
BLFHMFPFBJI,7117
PKOOHHPAOFP,24403
GJIFCFHCAHA,1187
GGNIECMDPOI,9715
ShowTemplateReminderNotify,29602
IJKGNMNFACL,2705
ALANOBELIMK,21701
OFANODKHMFN,492
COOKJIDFBOG,2395
FHMPOKNHKAI,6382
EKBIMELBNBB,6527
FungusFighterRuntimeDataNotify,27839
EBGAILBILHF,7822
QueryCodexMonsterBeKilledNumReq,27352
GGCOGDAECND,5293
GIPLBNMAFFD,16
EAOPGEFGHIH,22425
OIDPLNIMNDO,480
HJFEFJCNCGO,28191
AFKCCFOGPAH,23914
DHGPKPBAHJG,3946
GachaWishReq,1994
CustomDungeonRecoverNotify,2185
IKJJAPPNAFN,25364
Unk_36_NLMGCGCNKHG,21075
FFPKANNLNFP,7340
OCDOBCPKLBG,8227
IIBFNPOEAHN,8281
JFNKANNOOML,6749
FGOCLBEPKGB,1039
APNINLJCENK,7775
GLHMGGKDEFK,3556
JGEPLCCDBMO,24679
DLGPCJPGOBC,12
GetActivityShopSheetInfoRsp,9018
HAIAMIEDHFC,29282
PPIMKJHHNNP,24299
SetCodexPushtipsReadReq,26303
PGPLPIKGHPC,23383
ChapterStateNotify,23183
NCALKNEGFDD,7667
QuestRenameAvatarRsp,4888
LNKBEJNIKMM,27615
StartBuoyantCombatGalleryReq,20123
FACAJLINANK,25273
OLOFNCBOMBP,3011
GDEOLOKAJNO,20111
FOJJDPBMGPI,22801
PlayerCompoundMaterialRsp,5830
CHJDHIAILIJ,28802
AvatarDieAnimationEndRsp,21884
EIJDCCHAEIB,21184
ActivitySelectAvatarCardReq,3692
CFLNBCOBOIH,24244
OELKNFEFPGP,6537
JCBHHDOCJBK,28446
CELHNGALDFA,4370
GMFMHIBMCJA,8285
ObstacleModifyNotify,2387
JCJIPIIEOME,23710
GetAllH5ActivityInfoRsp,24234
ActivityTakeWatcherRewardBatchRsp,25329
IBLMADLLFKF,21843
EFOHGILAKFG,8745
BKMANCHNHLM,7521
ScenePlayInviteResultNotify,21827
AchievementUpdateNotify,6089
FFKIAHACKOM,7645
PlayerIpRegionNotify,23342
CNAIIGPHLGK,28174
HomePreviewBlueprintRsp,28973
EMCGIHPEGGG,29805
NDNGFBGBJJL,22529
JBIMEJPBFEM,9990
HEPLONPBHFM,25684
FoundationReq,29280
KJHCDIGMBCJ,582
MAPOANGMFHI,26369
DINACENDBHG,24419
NEOKNGPHDAF,26496
CompoundDataNotify,24538
DJBOOGLBPNJ,5993
NMFMBOLNJAG,20128
ScenePlayGuestReplyInviteReq,25186
HomeAvatarRewardEventNotify,8566
DOHKBIBLLII,8880
BHIAIPPLAMC,3437
PlayerSignatureAuditDataNotify,7501
PCOOFFECIJB,9510
FPHJPGDHJIG,22115
MFCFGLGPAFD,8416
BMBJOPOPOAH,1102
FIGALKBCKME,28968
HDAIMHHPGCL,2181
OMNKJDMGFII,25202
PJEPLBPKJGJ,8850
OHPDMGNOEGD,28583
AsterProgressInfoNotify,5814
QuickOpenActivityRsp,23398
IDHBGGKKLAM,475
MHFKAKPFGPB,4707
TakeReunionWatcherRewardReq,21104
ScenePlayerInfoNotify,1580
PLKKECAFBJP,8480
GalleryFlowerCatchNotify,3160
FMGEOJDHBLA,4218
KEFOKOAGMIP,5609
OFFEFCPJIIM,2504
LADBKCNHNJC,22542
IPPEKCGJJBE,5544
PlayerLogoutReq,9839
EOKDOMEODCD,5114
FFJHHOBMOGI,7017
HHDMGFBOLBP,8423
AKBPOPFCCEM,1023
CompoundUnlockNotify,27473
CFBADDGGJID,24966
GLGHLECHNGK,27957
AAKELNCJKJF,3392
BLCNBAKMLGL,6588
IOAKIPIGIHB,569
APNHLPHPDFP,9446
ItemAddHintNotify,8524
SubmitInferenceWordRsp,9697
GKEPDEFOGNE,3225
WinterCampAcceptGiveItemRsp,25073
NFGOCFJPCDD,28162
DPIAFMGBFDN,7818
IABPFPPBOBN,912
JPFKNFAPCCA,22633
HomeSeekFurnitureGalleryScoreNotify,9586
ProjectorOptionReq,3745
QuestCreateEntityReq,28209
IIAPFFBAOCJ,9611
LevelupCityRsp,23524
EFLHKPHAHJI,7718
DHILBLADEAP,26919
AHBKAFOPHDC,4663
ADKPALKHHOL,1106
JLOEBOFDIFC,8384
VintageMarketStoreChooseStrategyReq,25519
EEBCDFCLFJK,9021
NAHOAEALFPH,29742
PLNOMNPIACF,23296
DCEJNEPODJK,23830
KFFEJJBMOBG,27468
IPNGKEPHPFL,5298
IHBIHFBIJKB,29150
QuestUpdateQuestTimeVarNotify,25835
PlayerRandomCookReq,8478
EAMGCINNBKC,29011
KJCCJCIGNNB,2964
KKOCPHBFGGL,22485
CDNGEMCBBPJ,22113
KPEBEKKGPFL,4810
PGMDDCIINGF,23160
ILLNNMLJNKG,9297
CJDHLMLKGCI,23343
JOOCDICBKEO,29578
DungeonCandidateTeamCreateReq,8466
PFENDBLAMBI,2573
POADJGHOGAD,28541
BKOLPDDDDGK,392
CKNABIPCEII,24606
GetPlayerTokenRsp,4889
CFGADDKJMPK,5775
TakeReunionMissionRewardRsp,22725
CLHCCGJNDEP,653
LMCGCOFIHEN,20718
ChannellerSlabLoopDungeonTakeFirstPassRewardReq,1479
GMGOCEGMBOO,25543
NBHFIDLJIDL,26808
PlayerCookArgsRsp,3845
FFEPBJDBADH,4163
LGPCLAEODHE,5323
OLDHMGDHHLF,24962
PJHIHNJEHIO,21448
PlayerCancelMatchReq,6458
GNJHPPHMLBK,28229
JDAAKKCJFMA,26625
WinterCampTriathlonSettleNotify,6280
DJHJAAJGPHM,2371
NMOPBMFGFPJ,3084
ResinCardDataUpdateNotify,8666
NAAAKJGJGHJ,1526
GAJKJPAEEMJ,22683
PKJNFEFGAHI,28303
EBDBOAILHNA,24140
LICGGJEELIG,22217
QuestUpdateQuestVarReq,27138
AMEBHIHGMCK,20428
CombineDataNotify,699
BHKMJKGOKBO,3561
KKHHAFBJPCI,7409
PingRsp,29457
MJJCNBLDMJO,24788
HFGIPKJBCCI,27433
ClientHashDebugNotify,27197
EMNJFALBKAN,29685
IPBODCCJOJK,27190
BPELGFHABEH,27918
FPDCKKPLBBO,22343
JALOCGCEIDE,24535
EMEHEDOBNEA,1329
OLGKIAJEKGF,20432
BuyResinRsp,23184
DBNEADDKJOO,20516
ProudSkillChangeNotify,28996
FIBOAOICHAH,23580
GetPlayerFriendListRsp,2464
LBGEBJHDPAF,25356
SaveMainCoopReq,29623
KMHNCONHPIG,20080
ABAOPMCPPCM,23395
NFJNAMPIBDE,24025
BBENPKJMCBN,24923
EDJLLHNBADB,7217
MCJKGCNCAHA,1983
NFFFOALHPML,26855
WidgetUseAttachAbilityGroupChangeNotify,23192
DMJLNBMKIKE,4389
LNEFFMOAIBH,23794
EFGCCDNBOCL,23602
SeaLampTakeContributionRewardReq,28195
GetSignInRewardReq,470
OKDEFLNEKLD,7144
QuestDestroyNpcReq,21986
PEHJDFHIBCG,23611
KOFPFDKEEHJ,4010
JOIGCCEMCDA,5257
PKJGGIDKCOD,26286
OAOFKDAGDPA,22089
LOGKIFCBHLI,21854
LOMAICNJNOG,20977
PDLNDCHAEKL,21666
WidgetGadgetDataNotify,6539
BNOGIJDICBO,594
MpPlayGuestReplyNotify,27292
SceneEntityDrownRsp,28380
JJLLELHAOFP,9703
CrystalLinkEnterDungeonRsp,1292
EICFHOBJAGM,28816
ALBGHEFDMPI,8204
PlayerNicknameAuditDataNotify,29736
CalcWeaponUpgradeReturnItemsRsp,9257
ONPFNOJMKIF,606
KLINACNFNCC,2500
PSPlayerApplyEnterMpReq,25981
AAHBJOOINOA,6746
ChatChannelDataNotify,23481
GJIOGPKFBFK,1927
AbilityInvocationFailNotify,2833
IHELAFPKCJP,4721
AKDEGBOOEKB,8800
CustomDungeonOfficialNotify,3391
HDBBEOOJHHO,28036
BGNBJCKMGBA,8495
GadgetInteractRsp,9369
SelectEffigyChallengeConditionRsp,5619
NDPGGPDLEAE,3688
MACIGADILGK,5152
DelTeamEntityNotify,4547
EMAHLPNGANH,2143
JLPJNHFAHPC,23034
DealAddFriendRsp,8265
IHPBBFLHKHL,20148
JEMBKOALKAN,26942
KEFEMKFFNJL,9244
HFCAPKIDMAC,21613
CityReputationDataNotify,4526
NavMeshStatsNotify,2344
PCNCBMIFJGJ,25883
JFAEPDFKMJC,23155
OFEEKNEPNOO,22947
BPNDAOPCBFB,22198
MpPlayOwnerInviteNotify,1958
IHEJEFAKIJB,20586
PlayerPropChangeNotify,27976
NACAIFNGOIL,29423
LKCFKHFEHBJ,26958
EFDHNDDPMAC,26240
NCHGKNABBCH,5223
EONFADPIEBL,2455
HIKECKGLMMD,29581
GEOFMLMJAOG,20924
ScenePlayGuestReplyNotify,4097
SceneTransToPointRsp,8560
DANAICLGJLG,2375
NFPCLHCFCJI,9073
PlayerRechargeDataNotify,20743
FHJHMJLOFLL,29033
DNNEGDGHCKE,9701
IKFDCHCFDPL,28513
MichiaeMatsuriGainCrystalExpUpdateNotify,9951
IAHIOFJEOCD,3252
LCJAAIDDLOJ,29548
FALFIJIMDIB,5638
Unk_37_FFPIDAAMOGE,21949
InvestigationMonsterUpdateNotify,25024
MFNDJKCNNOD,28116
SetPlayerBornDataRsp,29399
FleurFairFallSettleNotify,20153
PPLBAJBOEEP,27841
LIKJONDDPLP,3781
ParentQuestInferenceDataNotify,9299
CAGDOLPIIEN,2458
EFLEPBOAHOJ,23697
BOOKEAKNKLI,6399
OHEAKJDDPJL,651
ILMFPAFCMBP,25256
FFOOCAOFPGH,4989
MJONNCGEMFH,29593
DOKPBPAEOEM,610
EMEDODACKOE,4533
KDCKIOHKJHF,2828
BCNDCHADDIP,21671
GKDECOIJBNC,77
MonsterAIConfigHashNotify,23786
BOFCBJGIHLC,28163
BattlePassChangeRewardPlanRsp,24599
DPLDKBFJHMI,8645
EBJBNMBLNFM,20585
BFDECLHKKNK,172
HomePriorCheckNotify,6561
IGEMBILJLPB,937
NEHGGLKCIPN,20464
StartCoopPointReq,25158
MJBNBKFKPNL,9212
EGJFIJADCCP,2935
PCLCOBDDFPN,28414
KAJEDIMDGLF,20839
IPADMDCHGBK,24919
LABLHCAALBJ,22775
OBHPCPKIGNE,23820
NDIGGHEJHNL,1108
PullPrivateChatRsp,9961
GDMHEAHBFGM,21768
LEOPOOEINDI,9337
BCNGOLOILDF,20420
LKKEHGODHGA,2338
MMGFKPCNBKH,6619
PDIABDMPNOO,26211
KBHBLOJCMFE,27152
HGAKKEELMMD,8731
QuickUseWidgetReq,3885
EffigyChallengeInfoNotify,7346
OMKPPBJOJGM,4402
FungusRenameRsp,28450
CJHELJOPDML,22512
HJFABKGFEBB,1517
ADNNMNPIHEP,20082
KFBNBLFIIJM,3366
DLCCBAEELDL,26022
OKPKDLKFNIF,21037
NEINKCNFNCH,26603
DDOCDFMIPGK,8107
GadgetAutoPickDropInfoNotify,22337
HomeGetFishFarmingInfoRsp,28168
OneoffGatherPointDetectorDataNotify,20091
AssociateInferenceWordRsp,675
EFIHDPGDAHG,2227
NCNGHKLEFNI,27926
JDBEJJKOEDP,24998
CDGKJGDFGBG,8378
SaveUgcReq,4329
INIBFFGNMCD,27513
GetFriendShowAvatarInfoRsp,2083
LevelupCityReq,7636
OGNMFOJALHE,20019
DFPBCDGPIJE,5231
KEAAKDGJGHB,28383
FILBCBHNEOO,29639
MJGLJMFKKJB,4316
DENMBJACNIA,25903
IAONPPAFMOI,815
BDPCLMNIGFO,952
BLHEIGKIAJK,25642
HKLJIJOOCFG,453
MarkEntityInMinMapNotify,24061
CGNADCNAEBE,26856
FurnitureMakeBeHelpedNotify,25944
Unk_37_AEGNJEKFGPI,9289
TowerLevelEndNotify,27498
BKNHLMNNOLC,1604
Unk_40_ALAPJGFCPGL,23050
BKJGFHJCCLP,28775
EvtRushMoveNotify,24086
OAMMBKMAIOG,6297
LKFBHAHEDFG,4441
CombineRsp,3920
JEKNBCLAJNA,27535
FGMHMDJPGDH,26417
HJJDILGOFEN,24049
MACKPPFHANL,4036
OCAPJMLAGDI,20980
JFHFIKOJOIF,4878
GachaActivityPercentNotify,23257
FEAEFKAAEAD,6900
EvtDestroyGadgetNotify,5835
BDMEHMCBFLI,26413
EvtBulletHitNotify,5502
IDOJDMJBIMO,24982
CLAEJHNCENB,23559
PHCPODNKMMF,27285
ELJIMCLOMFJ,27835
MusicGameBookSettleReq,27577
LMOBLAFANHP,21230
FCIMFOHIOIJ,24825
IHBIJDLDNDH,21451
SetCodexPushtipsReadRsp,772
JADIHGAIEJI,22106
CPFPNPKHGEM,29585
CLGOONKMHKD,29903
DEFEGODDIDC,4374
AvatarExpeditionDataNotify,28015
PlayerStartMatchReq,23440
AvatarExpeditionCallBackReq,22181
KNMHFKJBODB,7255
CPODOGJLNHB,21996
GGDGNMGLLBM,29053
CBIGEEECGNI,9648
SaveCustomDungeonRoomReq,26401
GBMDAJDCINH,23120
GCGMessagePackNotify,4490
NEMNBINGPCM,25059
BCIFDCCNKFL,24210
HJDENFANJEI,22052
MCMMODPOBEM,24251
ChangeMailStarNotify,27017
AAIEJIIOKDH,26758
BLGHJHMKIOG,4585
GLKBJNNODFD,23307
ODHIHCNIOEI,22759
HuntingRevealFinalNotify,25550
FLEIOKMMPHA,3488
QuestUpdateQuestVarNotify,9101
COIJLBPBELI,424
FungusFighterTrainingGallerySettleNotify,23266
DKGGPBFIEHM,7338
HJJMGABNJFG,27703
NMNOGPJFMIB,21219
HIJLJKCIMKB,24388
GCGDuelCompareNotify,28106
JBHGMIPMGBI,7165
KBDNBOGGOMC,22723
GMFPPEJAIOH,5909
LaunchFireworksReq,25439
AJMLOKHAACB,6627
CLPBLFPOBDN,708
PJDHAKDGGBL,1145
MEDJPIAEBMI,20203
PlantFlowerGiveFriendFlowerReq,7841
DPBNHBHIMGF,2460
KNLGOKALMNF,26
FEONBJEINEM,6167
PPIAOEOIJEF,7055
DraftOwnerStartInviteRsp,903
MBMGEFELIAP,25833
IOHHCOIMEAO,6667
PEGPOFIHFFN,28623
NBFDILGANFC,21490
JOLFEPPAMIE,9796
GetAreaExplorePointReq,7663
DungeonPlayerDieReq,7955
AvatarFetterDataNotify,1481
ForgeGetQueueDataRsp,26149
LLHKGLGBNKO,9693
Unk_37_OCCBIKFCMGK,1352
DropItemRsp,5342
MHEOMIFHJHB,24237
MistTrialSelectAvatarAndEnterDungeonReq,4203
PFCIIHMGCGN,24680
OIMEDAOGGKD,26432
FALNEDPMHAH,26620
KKKDHDINHAF,27259
ANMHGHIMDJM,5172
GNFGAMBAHJA,1395
GMAGJCLNEBJ,7628
DBMPJFGJBJN,1564
CJGAHGGKMGM,9411
OBKMGJKDMOB,7483
RegionalPlayInfoNotify,1099
AFNPIFEHECH,29656
OALCHFOKBML,25689
HKAHGMCIFIM,8858
PlayerSetPauseRsp,22316
CMLBONAHHBF,24382
AvatarGainCostumeNotify,27209
KKKMKCEIDBJ,20074
NHMBDGMNHJO,8082
ANJBBGMJDGP,21788
GAGHMCPHIEG,29698
PFPBDGCOHFH,24172
ChangeAvatarRsp,27160
DIDJGMPNBAC,7089
EBIJEPLMGIH,25999
GalleryWillStartCountdownNotify,5227
OHDNFCEDHFK,2888
GOOAAPGCFJL,2593
POFLOHBPBAE,2414
MKMPLJKCHAH,29542
GJLNJADBFJN,364
MIIHOKEPLFD,23954
MPKFIJCFFJO,1016
LIJICLKBHFJ,9494
ILMHKAOBKLF,1101
ChannellerSlabLoopDungeonSelectConditionRsp,3961
GCGTCInviteReq,3197
GetDailyDungeonEntryInfoRsp,1302
EHJKKCEIEGA,29394
PCJBFDKLNFI,22677
DDDBLBGFGJE,3756
NBMPAFCANAG,25907
EMBJHKHNHKM,24648
NICJOBDKNOG,23834
EIHGAIMBDFJ,2010
NMOAGOLJJEH,2791
Unk_48_50_OBKGALDPGOA,7121
KCCCGDHOEFL,21761
ECIECIJCFKB,1244
HCNEGAMNLGL,128
QueryPathReq,2365
InBattleMechanicusCardResultNotify,20270
BIKGBONJKFO,20521
PACCEBKEHMI,21828
OEFDNJEILPO,27454
IGHEKICFPEA,4668
GOEJJIANLKP,9614
ScenePointUnlockNotify,2756
LIMMJIOBEAE,26112
SyncScenePlayTeamEntityNotify,8452
BPACAPPFOOF,9620
EIEKCDEKJON,26233
CoopPointUpdateNotify,3611
FGLAGAPACMD,27474
PublishUgcReq,4492
GadgetChainLevelUpdateNotify,27662
DPOBIBGFCJL,29428
CJBPAPMEKMN,25544
NLEPHINNNNL,6970
ADELCAKONND,4563
AMAOAKMPJBD,27587
Unk_53_FJGCAKPGHLK,3146
MuqadasPotionCaptureWeaknessReq,27761
HKJDGOONKJA,26890
MPEKKGKHMGF,8684
DFEBHOMGFFL,6090
GNBFAEFGFII,3332
PlayerReportRsp,26530
ActivityGiveFriendGiftRsp,24691
BFPLAHCKOCD,20499
IIJIFLGIACJ,4530
AAPJCGHKMCK,29687
KCJICPDEGHG,21716
NFCEPPEBHDE,27851
GCACJIOFLEA,2962
KAAFICBDEMJ,9400
EvtAvatarSitDownNotify,24517
OMMJNKPMENM,22761
DNJIONCFBNJ,5698
FCICPJGLGIE,4164
GCGApplyInviteBattleRsp,4421
NPFIPMCHBAE,6834
AEEOLFCBMIP,24627
PAKKJDHEOHK,8599
MiracleRingDeliverItemRsp,4035
HomeResourceNotify,23715
TowerGetFloorStarRewardRsp,5731
MHJCIHHCFHD,395
UnionCmdNotify,5550
NCCDDLKBPFF,4765
JFBJBKBAOJD,1692
HAELKOCKPKC,4935
IMJFPEKEMLF,27234
ANEDJKEJEGC,26898
OEPBMNLEPEP,29851
WidgetCaptureAnimalRsp,28640
HomeKickPlayerReq,8236
RoguelikeEffectDataNotify,21406
FFKFAIDGHIC,22567
GadgetGeneralRewardInfoNotify,989
NONHEPDKNKH,4127
CDDNPNLGJGA,23087
SceneTimeNotify,5220
HLJGDEAFOJC,6104
ForgeDataNotify,28001
SceneWeatherForcastRsp,21091
OMIBHFAOLGP,22655
IOIPPCHCIBP,21500
GalleryBalloonScoreNotify,21528
NOFOIEGHODM,22168
DDEBOLCACFO,24240
ADGMLILINEF,29836
OOHPDOJDECD,6308
GetMapMarkTipsRsp,21231
ClientTriggerEventNotify,20029
JGDOJNFGFOF,5282
JDIMKHLGBMD,3741
BPIDIFGCLFD,22147
POKOINKBIAO,9259
GearActivityFinishPlayPictureRsp,6259
DCPGAFMKFCF,26124
MIAFNMPMEKE,1923
IKGANNPPOOP,4899
HIAAEGODKIN,21152
FPLNEKEEJJD,21275
KHHODAFLPHC,28104
EJKFHEFIMFH,22348
AJBGEELBLKE,21073
NEKCNIDKGIE,29163
EnterSceneReadyRsp,24497
APLKMNBPCPL,22044
DGEIDBPBEGA,4206
ChangeTeamNameReq,4001
OPJLENNNPCO,1749
BAMGOACMLNN,29924
RechargeRsp,4397
EHAGOMMDKMD,27176
CCLFPLJGLJN,184
GroupSuiteNotify,1701
IEMOLODNPLL,534
FIFMPGNACDJ,988
PEOCCCGHMPE,1645
HomeAvatarSummonAllEventNotify,25509
GMNBEFNBCNN,9928
MuqadasPotionDungeonSettleNotify,20808
KKEHNLIHKCI,22555
HBKEOMEBMAH,7079
ChatChannelInfoNotify,24817
KGJIJIFAACE,24777
LNHODBHHNJK,23632
IKGKHJPONNI,29196
KDMEJDEDIGH,22668
DestroyMaterialRsp,20559
ServerBuffChangeNotify,29668
IHMMKDKANEC,3145
JDCBFJMFCMB,25595
DPNBAMEHOJB,27748
FFDMDDHPNDJ,23220
JEAIEPLKGPI,5761
ENMAPGBLGJI,21786
PlayerReportReq,28129
HFEHABPAANA,29193
JIFEEKABPIE,8727
ChessPlayerInfoNotify,6954
PMNJBFLGAJH,27614
GetOnlinePlayerListRsp,27181
WidgetActiveChangeNotify,22601
WeaponAwakenReq,6858
DGFAGBIKPAN,5931
QuestDestroyEntityRsp,22819
CheckSegmentCRCNotify,26311
DEFENEOAMJL,23702
DungeonSettleNotify,20095
GOABPHCAOME,4099
AJGHNDDKKHD,9053
WidgetUpdateExtraCDReq,3333
GalleryBulletHitNotify,23125
PMKNHOBPNBH,27096
PBDKHKBENMM,28189
OrderFinishNotify,3180
EPCCMFJGJDL,3540
IBLLDOFDIFE,6238
PMMKPBDOAHL,4820
CJGDHEDKHCD,6100
FODNCOGEDBA,9272
DOHLFEIJBFP,28577
CFBNKGNKDMI,1191
ONOPDOBGPDA,5455
Unk_47_HAAOCCNOAML,20818
CKMBEDCBIEI,8549
DHBIDNBPMBO,27137
AFKELLDIEDF,7056
PEFGOHHOGBD,20090
UnlockTransPointReq,5099
MDBLGFEEPPP,26122
FFJPMJLNNKF,20248
PDLGKCOODND,3622
GetQuestTalkHistoryRsp,20736
OMLOJOLJBDA,5269
FBNNBGPAJIM,2737
CODJIJOIHNH,487
OGNMFKNCFIJ,27675
IDMHLDDECFI,6499
IENCGDBBJMN,7914
JPICNEFDODK,5023
DNDMHKOMCBO,2715
EKADDBEABLK,27810
PPNCFBJEOOH,21732
MCMNKOMLJIJ,5655
NKAMJOMLIKD,20315
EPAKNAEFCGI,24881
TryEnterHomeRsp,24310
FEEBNLGMDNM,3950
AvatarPromoteGetRewardReq,2832
GCGBasicDataNotify,9617
WidgetQuickHitTreeReq,3028
AvatarChangeTraceEffectRsp,3463
EEALGFCDLMI,25222
LKFGOOBKKEJ,66
MKGGPIOBOBE,3056
HJIEJAKAGDI,21941
BMLKJNGDFLD,22870
KOAPLDFFKHP,1543
TeamChainRestartDungeonReq,29757
Unk_41_42_MHEFHJDOEFH,4569
QuestCreateEntityRsp,3851
MistTrialFloorLevelNotify,842
AAEIKKKMGPI,29565
IGDBKCKNALM,20756
OHKKEEMJJLG,4457
GMGIKFFIBMF,3542
MNEJMHHEDDE,7629
HomeGetArrangementInfoRsp,4959
LHFPKIDEPGL,8313
IPIHCBDCFCI,24390
IPKMKDKOOFK,20852
TowerGetFloorStarRewardReq,1328
StartRogueDiaryPlayRsp,2740
KFIFNELMCPG,26158
MEEPLJPPIOA,24845
EFCCBDPLGEF,1132
FBDNNDMEJGP,1606
KEFOAPCJJMP,9982
PEMLNAOGJOJ,25167
RogueSwitchAvatarRsp,6035
HPJDHJAEKFE,9209
BMIHJFIPOFO,5025
PLIFKCDMFAL,20485
MiracleRingDataNotify,22334
NCLPFMNADIO,1730
BlessingRedeemRewardRsp,1522
GEIENAAGHKK,28465
VintageMarketFinishStorePlayRsp,669
FAIODNPFIDE,2451
PlayerEnterDungeonReq,24794
CoinCollectChooseSkillReq,6029
AIFAPAHPIBG,6164
MBCGOEDIBHP,4387
DJENLIMGGHB,7618
FleurFairMusicGameSettleReq,29575
DPICMGACBPA,21057
JGEJIMPEAOC,1365
GalleryBalloonShootNotify,6420
EPKDOBNEFLK,29611
EOBOBGLJBKC,3520
PullRecentChatRsp,1107
WatcherEventStageNotify,5089
QuickUseWidgetRsp,20711
FNHOFEBDFFB,4962
IDCMPCAHPDK,3384
ADJLKKEMAAJ,27886
MainCoopFailNotify,3451
IIFPPEMIMMH,5839
EvtFaceToEntityNotify,25212
RegionSearchNotify,29201
GDIHNEIBLAH,24161
HLKEGCPDILH,26887
DeathZoneInfoNotify,28250
AvatarPropNotify,20108
CKGJCNEOBFD,20536
LICMOLGNNIN,21484
ActivityDisableTransferPointInteractionNotify,5029
MarkMapRsp,22508
GetFriendShowNameCardInfoRsp,23756
WeaponPromoteRsp,1222
MFLLMBNGMEJ,27249
AAFOMBHCPDM,22461
PBMNIIDGJOO,23873
MLJIEALNCAA,21985
DCKPFHMNDCG,29544
LOPEOGNJCEK,5957
HFGMCBHDCEI,5014
AKOHLCKMIAP,2803
HEKGEAKMCGM,24433
DHOPMBIMCAE,23189
EvtCreateGadgetNotify,24544
RoguelikeCardGachaNotify,21694
FPGIEDOBKPB,5210
Unk_41_42_BMDMAGDICHE,27363
SearchCustomDungeonRsp,26156
MAEDEBOPNAC,22303
HomeLimitedShopGoodsListRsp,6998
ENIDDPNDKFK,24665
BGMAFEMBPPN,23548
DDKAIBKGMIL,26037
EvtAvatarLockChairRsp,436
SelectAsterMidDifficultyReq,3337
KAHBGIJCHIE,2323
EvtBeingHealedNotify,28926
JOKLAOBJLAE,2647
DEJMBGKENIG,26831
NPAHNACJPOG,9830
LJLLCIMNFFI,27134
EchoNotify,27417
AHDOKNDNDML,26259
AllShareCDDataNotify,7901
MJDAHFLKJGF,26382
OEGJFLLEJBG,28694
BAGFOGHDKON,254
GAAOALEEMHP,21253
PHECLLMGHPI,1963
JPNPPKODGGD,22002
KBJILADDHAK,28574
BCIEBDBOGEA,23649
IACJJEPNAOE,1199
LACKMNNPNHL,1030
AEEBEMJNNKD,29038
PlayerGameTimeNotify,7576
AHJDMAAKDFB,22165
GOCGDKABJNI,26549
AFBIJBPHKPC,20062
KHCDGBJCKNJ,23033
PGAHAOLAPIG,7921
ViewLanternProjectionTipsReq,21320
JDEPJNHGKEM,28542
DGFFLGMENNA,20695
PEENODNNCLC,29875
NCJKFNLPPLC,2239
BPFJGHPPCFL,8161
JKJODNKNHKH,9276
LPAKFLGDMHG,2137
GPNPGKBOFEI,23146
GBJLDNLCJDE,3690
PCKPOGKIBME,26679
HNFGKALNAFC,21831
HCNODCFLJEB,5472
JIKCPKPGKDN,7810
PlayerQuitDungeonRsp,1625
DungeonCandidateTeamInfoNotify,4343
GGGBMGFABOH,1063
MIGGHCEPCDJ,1537
GHOAFBAILEG,25371
FDBFCAAJPLK,23949
NNFKHHBIONI,27465
POJMODBPDCJ,26844
GDBDPADLDNN,7564
H5ActivityIdsNotify,8309
MJMMDDFFHIB,28232
JOINMBGIJMH,28315
JDEGPILBLDB,26987
OPIFHGIKKJL,4047
EGDAJIIBAGN,7729
PADCOCOJAMF,26615
ResinChangeNotify,29947
IMFJBNCBFEB,5696
PKOCEIKGLNA,5420
OpActivityUpdateNotify,5083
EBHDPLMGEJM,8825
CheckSegmentCRCReq,3121
PCFHAFCOBKE,20475
ServerUpdateGlobalValueNotify,8780
AEBBAACCGLG,22989
JEPMMLCPBMI,28177
GJLAJCNHLMA,7049
JGABKGCCMJJ,25627
FurnitureMakeCancelRsp,2194
EIAGBCOBLLA,23474
CEOANGKMJDE,6495
LLCIHIJPINC,29855
JCFPJMGEBBO,2724
CreateVehicleReq,21635
PLNICHMKFIF,2374
PICFGPKBLMG,7484
DGLMNENPMHI,26182
IPCFGIHLNGO,5409
FAHFJLDBNPD,2258
BAPNKFCAHAI,26565
CFFGOLEJJEH,24007
OODDFNIJFFN,749
DKMCNAAACPM,9984
BKOJLANKIFB,25358
MichiaeMatsuriStartBossChallengeReq,23927
HOAACMDOOPH,24722
KOHOMOKFCOC,7157
SelectRoguelikeDungeonCardRsp,27929
LuminanceStoneChallengeSettleNotify,24003
JJCPJJEIEHO,889
GLEFJGOBBCF,2316
NGIJJMJIPOP,28900
JFPDLHPFENP,7491
IKLKFFJLDDP,29104
INOJKIEODEL,4644
LBEDAOAKNEF,7478
GLJKLKJLEDG,2401
LCPHPCIAOIP,3335
FindHilichurlFinishSecondQuestNotify,8589
MEBBKNHNBEE,7449
ChannellerSlabEnterLoopDungeonReq,21695
JOIOBDFJMPC,21634
NPCGNONJFKD,29398
HomePlantWeedReq,24320
BADMJMHAANH,28346
AranaraCollectionDataNotify,26134
NDDODDFHPBO,1209
POOJGKMMIKP,337
ENCMKNKEOOA,22266
GalleryStartNotify,282
WeaponUpgradeRsp,575
GCGApplyInviteBattleNotify,9956
NFDOAEFNEKL,27362
FEDHPOIHBHE,28511
HFIFKHLFMLJ,25317
KMGMJIMNLGI,1548
KMPJMACKLJD,23822
GJGAMCIHNGG,9330
AOHHCGGNLKJ,24615
FOEOPBNDHEI,4828
ECEPGNNHMGB,23868
FinishedParentQuestNotify,3959
IPOFELEDOKM,7639
AIGKDIJDOPC,26190
LPLBNNGDDOO,8174
LICMBBLBABF,3662
Unk_46_DOELGHLFDNG,1489
LBAICIEEEGF,25901
NHJCFCNPEGD,3062
NOAFNECMBEO,24154
OOJOLGHMMAG,20109
DOLFHJDJMBF,23741
MDHAAFAFIEM,20893
LAGNFACLFBH,561
AvatarPromoteGetRewardRsp,22977
LNKLKPKFPLN,9877
WinterCampAcceptAllGiveItemRsp,24451
OPODIEBMLIC,29683
OpenStateChangeNotify,21126
BPBMCNPALOL,29659
IGKECHNEBOJ,7243
WidgetDoBagReq,4981
AchievementAllDataNotify,26391
SetPlayerBirthdayReq,2602
OCLHPLHPCEO,5803
OOBGAFJOHOI,2186
HomePlantInfoRsp,22389
JGFPFDEHCJL,21842
MultistagePlayInfoNotify,22758
IEINAGDDALA,28846
RogueDiaryReviveAvatarReq,29900
ScenePlayGuestReplyInviteRsp,26673
NLIPFJKMFAI,6355
JDDELGLJJKC,5374
NMMHNLIBJCH,27747
GOEKGLFNJLD,3064
BNBLLJGMKMF,20442
PerformOperationNotify,926
HPILPFLPIPP,27036
CNONGEDIJFJ,7391
APHCPGKHKNK,3400
LOPKFHHFNME,27351
GrantRewardNotify,28186
EHMNJCGFNJE,23544
LCMMKIAKGPK,24075
GetBlossomBriefInfoListReq,713
KLNDHLIBBOE,21094
IPANDPDEBNH,6845
PIEBCLLOKEA,1787
BFMNIIGNMFK,4030
HomeAvatarTalkFinishInfoNotify,9657
HitTreeNotify,24718
BPHFPNIMMCJ,4973
AFIAAJPOCEL,9088
FODLJKGFEDE,20126
HFNPGOBMHJJ,432
LifeStateChangeNotify,29932
PlayerCompoundMaterialBoostRsp,3940
GetWidgetSlotReq,7158
Unk_37_MBOJPKHDJNC,2252
FLKFBNAINGF,4536
NHGMIGJLHFC,7704
KAKFBNJLHPO,8862
MFFPNAOPOGJ,8594
MKIGKJGCHLH,22481
LCJBMEPOHHC,5667
GDMJMDKOMMO,802
PlayerHomeCompInfoNotify,26644
KGEAHELCICE,2098
PDEIMPJCGOL,23250
LunaRiteTakeSacrificeRewardRsp,6245
StoreWeightLimitNotify,22859
DAKPHDALOKN,8809
AEEJINNLFCO,24330
ENMFAKENMMI,22288
AEKGPDJCDLD,26859
JACFBOGEHPK,8840
GAGMKHGHBGG,3334
HPBGKLABKLP,26157
GBLEIEBEGHG,1031
IFADJMBACPM,28826
LMGAFLOJLBC,28070
MHAJFAOHNPI,2563
KLIFNCFOCJF,4497
PMEEOKDJCPH,3472
OICOPKPBLJK,4494
KHGKICBHHHD,29874
GCGInviteBattleNotify,7647
UnlockTransPointRsp,4052
ALDLJCHBNBP,6678
GGEGJAOHKID,7043
NNGGLAJCDLB,6240
JEBKHCKBHNG,1664
PIHBHIGPFEL,4867
AODNEJNKKIO,24093
GGKIGJHIPBM,5578
ExpeditionStartRsp,1506
StartBuoyantCombatGalleryRsp,2484
OOABELHELDP,24132
DungeonRestartInviteReplyRsp,7990
CMCDKJKICNJ,25658
BBJBHGJFGDE,4426
FDLPGEKEHPH,6654
ALNBDGELPHL,27335
HKMBIOOMBEE,1306
PersonalSceneJumpRsp,22226
FinishDeliveryNotify,180
KFAOCKLNPAH,9076
KDKBKALKJFL,28471
EJLJHAHIIHA,23760
SelectWorktopOptionReq,22940
EEFFBCIJNBF,4154
HomeFishFarmingInfoNotify,25493
TowerRecordHandbookRsp,468
FEAPHAPFLOI,7925
KCPCCJCCICE,3388
ENHMDGHKNCG,3835
HomeComfortInfoNotify,8365
ReliquaryUpgradeReq,3357
FNCGJCLFIPE,22206
DPIGINFKHBB,3365
HomeLimitedShopBuyGoodsReq,23501
LMHNJPCPBEO,1494
PSPlayerApplyEnterMpRsp,22895
JFDBPMKGHNE,495
NILJHBAMGND,23749
NDDLDCKGIOC,28097
DDBOKLFPGJI,27783
WearEquipReq,7580
DAJGMOCIEJJ,20113
ElectroherculesBattleSettleNotify,5492
JCINCDGOODM,28156
SeaLampContributeItemReq,7240
DBNAIIMFDDH,26726
IEBJLCELCKI,25388
IGIFCMGJDPO,1194
ActivitySetGiftWishReq,23897
HomeLimitedShopInfoNotify,25826
HPCMCEEFNLN,26439
RequestLiveInfoRsp,340
GivingRecordChangeNotify,20708
KPEFDNAHNEA,23955
GCGSkillPreviewNotify,22009
FPGAHEFDBCG,20359
LGLAPKNJOPB,24761
DFFMNMOHLLL,3024